Friday_of_Week,NFCI,ANFCI,Risk,Credit,Leverage,Nonfinancial_Leverage
01/08/1971,0.596,0.585,0.623,-1.112,-1.02,-1.407
01/15/1971,0.628,0.634,0.652,-1.113,-1.038,-1.424
01/22/1971,0.665,0.701,0.687,-1.116,-1.055,-1.439
01/29/1971,0.705,0.78,0.726,-1.121,-1.069,-1.452
02/05/1971,0.748,0.863,0.768,-1.128,-1.081,-1.462
02/12/1971,0.791,0.939,0.811,-1.138,-1.09,-1.47
02/19/1971,0.834,0.998,0.854,-1.152,-1.096,-1.475
02/26/1971,0.876,1.038,0.898,-1.169,-1.097,-1.478
03/05/1971,0.918,1.057,0.944,-1.191,-1.094,-1.477
03/12/1971,0.965,1.06,0.995,-1.217,-1.086,-1.474
03/19/1971,1.016,1.058,1.053,-1.249,-1.074,-1.468
03/26/1971,1.075,1.067,1.12,-1.286,-1.056,-1.46
04/02/1971,1.141,1.104,1.196,-1.328,-1.034,-1.449
04/09/1971,1.214,1.183,1.279,-1.374,-1.007,-1.437
04/16/1971,1.288,1.309,1.365,-1.425,-0.975,-1.423
04/23/1971,1.358,1.472,1.446,-1.479,-0.94,-1.408
04/30/1971,1.417,1.653,1.517,-1.534,-0.902,-1.392
05/07/1971,1.456,1.819,1.568,-1.59,-0.861,-1.375
05/14/1971,1.467,1.936,1.59,-1.644,-0.818,-1.357
05/21/1971,1.446,1.974,1.58,-1.696,-0.773,-1.339
05/28/1971,1.393,1.919,1.537,-1.745,-0.728,-1.321
06/04/1971,1.314,1.766,1.467,-1.788,-0.683,-1.303
06/11/1971,1.215,1.526,1.376,-1.825,-0.637,-1.285
06/18/1971,1.114,1.229,1.281,-1.855,-0.592,-1.267
06/25/1971,1.026,0.92,1.198,-1.877,-0.548,-1.249
07/02/1971,0.969,0.646,1.142,-1.89,-0.506,-1.231
07/09/1971,0.956,0.466,1.129,-1.895,-0.465,-1.214
07/16/1971,0.999,0.425,1.168,-1.89,-0.427,-1.198
07/23/1971,1.099,0.549,1.262,-1.877,-0.391,-1.181
07/30/1971,1.251,0.836,1.404,-1.855,-0.358,-1.166
08/06/1971,1.441,1.25,1.582,-1.825,-0.329,-1.151
08/13/1971,1.649,1.726,1.775,-1.788,-0.303,-1.136
08/20/1971,1.853,2.192,1.963,-1.746,-0.282,-1.122
08/27/1971,2.027,2.573,2.12,-1.7,-0.264,-1.109
09/03/1971,2.155,2.824,2.233,-1.652,-0.251,-1.096
09/10/1971,2.225,2.918,2.288,-1.604,-0.243,-1.083
09/17/1971,2.234,2.863,2.285,-1.556,-0.239,-1.071
09/24/1971,2.188,2.683,2.227,-1.511,-0.24,-1.059
10/01/1971,2.095,2.421,2.126,-1.47,-0.246,-1.047
10/08/1971,1.97,2.119,1.995,-1.435,-0.257,-1.035
10/15/1971,1.831,1.828,1.852,-1.406,-0.273,-1.024
10/22/1971,1.693,1.585,1.713,-1.384,-0.294,-1.013
10/29/1971,1.572,1.42,1.593,-1.369,-0.319,-1.002
11/05/1971,1.477,1.347,1.499,-1.363,-0.348,-0.991
11/12/1971,1.411,1.359,1.437,-1.365,-0.38,-0.981
11/19/1971,1.373,1.442,1.404,-1.374,-0.415,-0.97
11/26/1971,1.357,1.565,1.395,-1.391,-0.451,-0.959
12/03/1971,1.355,1.698,1.399,-1.415,-0.488,-0.949
12/10/1971,1.358,1.814,1.41,-1.446,-0.525,-0.938
12/17/1971,1.355,1.886,1.415,-1.483,-0.561,-0.927
12/24/1971,1.339,1.896,1.408,-1.524,-0.594,-0.916
12/31/1971,1.307,1.844,1.384,-1.57,-0.624,-0.905
01/07/1972,1.249,1.719,1.335,-1.619,-0.65,-0.893
01/14/1972,1.174,1.551,1.269,-1.671,-0.672,-0.881
01/21/1972,1.083,1.355,1.186,-1.724,-0.69,-0.869
01/28/1972,0.982,1.154,1.093,-1.777,-0.702,-0.856
02/04/1972,0.88,0.972,0.998,-1.83,-0.709,-0.842
02/11/1972,0.78,0.82,0.905,-1.882,-0.71,-0.827
02/18/1972,0.687,0.702,0.817,-1.933,-0.706,-0.812
02/25/1972,0.604,0.617,0.739,-1.98,-0.697,-0.796
03/03/1972,0.533,0.562,0.671,-2.025,-0.682,-0.779
03/10/1972,0.472,0.534,0.613,-2.067,-0.662,-0.761
03/17/1972,0.421,0.526,0.564,-2.105,-0.637,-0.743
03/24/1972,0.376,0.528,0.52,-2.14,-0.607,-0.724
03/31/1972,0.333,0.527,0.477,-2.17,-0.573,-0.705
04/07/1972,0.289,0.51,0.432,-2.198,-0.536,-0.685
04/14/1972,0.243,0.469,0.384,-2.222,-0.495,-0.665
04/21/1972,0.194,0.399,0.333,-2.243,-0.452,-0.644
04/28/1972,0.147,0.306,0.282,-2.262,-0.407,-0.624
05/05/1972,0.102,0.2,0.234,-2.279,-0.36,-0.603
05/12/1972,0.065,0.098,0.192,-2.295,-0.313,-0.582
05/19/1972,0.039,0.015,0.161,-2.311,-0.265,-0.561
05/26/1972,0.029,-0.032,0.147,-2.326,-0.216,-0.54
06/02/1972,0.036,-0.035,0.15,-2.343,-0.168,-0.52
06/09/1972,0.062,0.012,0.172,-2.361,-0.121,-0.5
06/16/1972,0.103,0.101,0.21,-2.381,-0.074,-0.48
06/23/1972,0.155,0.222,0.26,-2.403,-0.028,-0.46
06/30/1972,0.21,0.358,0.315,-2.428,0.017,-0.44
07/07/1972,0.262,0.488,0.368,-2.456,0.061,-0.421
07/14/1972,0.303,0.592,0.411,-2.487,0.103,-0.403
07/21/1972,0.327,0.654,0.439,-2.521,0.145,-0.385
07/28/1972,0.331,0.66,0.448,-2.557,0.186,-0.367
08/04/1972,0.312,0.606,0.435,-2.595,0.225,-0.35
08/11/1972,0.274,0.494,0.403,-2.635,0.264,-0.334
08/18/1972,0.219,0.337,0.355,-2.676,0.302,-0.318
08/25/1972,0.154,0.155,0.297,-2.716,0.34,-0.302
09/01/1972,0.086,-0.029,0.235,-2.756,0.377,-0.288
09/08/1972,0.021,-0.19,0.176,-2.793,0.413,-0.273
09/15/1972,-0.035,-0.312,0.124,-2.829,0.45,-0.259
09/22/1972,-0.08,-0.387,0.082,-2.861,0.487,-0.246
09/29/1972,-0.114,-0.419,0.05,-2.889,0.524,-0.233
10/06/1972,-0.137,-0.417,0.027,-2.914,0.561,-0.219
10/13/1972,-0.154,-0.396,0.009,-2.936,0.6,-0.206
10/20/1972,-0.168,-0.368,-0.006,-2.954,0.64,-0.193
10/27/1972,-0.181,-0.344,-0.022,-2.969,0.682,-0.179
11/03/1972,-0.196,-0.333,-0.039,-2.982,0.726,-0.166
11/10/1972,-0.214,-0.338,-0.06,-2.993,0.772,-0.151
11/17/1972,-0.234,-0.364,-0.082,-3.004,0.822,-0.136
11/24/1972,-0.255,-0.411,-0.104,-3.014,0.875,-0.121
12/01/1972,-0.272,-0.474,-0.121,-3.023,0.932,-0.105
12/08/1972,-0.282,-0.542,-0.13,-3.032,0.992,-0.088
12/15/1972,-0.279,-0.605,-0.125,-3.042,1.057,-0.07
12/22/1972,-0.257,-0.646,-0.101,-3.052,1.125,-0.051
12/29/1972,-0.211,-0.648,-0.052,-3.062,1.197,-0.031
01/05/1973,-0.138,-0.601,0.024,-3.073,1.272,-0.01
01/12/1973,-0.036,-0.496,0.129,-3.083,1.35,0.012
01/19/1973,0.093,-0.331,0.26,-3.094,1.43,0.035
01/26/1973,0.245,-0.113,0.414,-3.105,1.513,0.059
02/02/1973,0.413,0.146,0.583,-3.115,1.596,0.085
02/09/1973,0.587,0.422,0.758,-3.125,1.68,0.112
02/16/1973,0.756,0.687,0.927,-3.133,1.763,0.139
02/23/1973,0.911,0.915,1.082,-3.141,1.846,0.168
03/02/1973,1.042,1.085,1.212,-3.146,1.926,0.198
03/09/1973,1.145,1.185,1.313,-3.15,2.004,0.229
03/16/1973,1.215,1.217,1.383,-3.151,2.08,0.261
03/23/1973,1.258,1.197,1.424,-3.149,2.152,0.293
03/30/1973,1.275,1.146,1.44,-3.144,2.22,0.325
04/06/1973,1.272,1.083,1.435,-3.137,2.285,0.357
04/13/1973,1.256,1.026,1.417,-3.127,2.345,0.389
04/20/1973,1.231,0.983,1.391,-3.113,2.4,0.42
04/27/1973,1.203,0.955,1.362,-3.096,2.449,0.451
05/04/1973,1.175,0.933,1.334,-3.075,2.494,0.48
05/11/1973,1.151,0.912,1.31,-3.05,2.532,0.508
05/18/1973,1.132,0.883,1.292,-3.02,2.565,0.534
05/25/1973,1.121,0.846,1.283,-2.984,2.592,0.559
06/01/1973,1.121,0.806,1.285,-2.941,2.614,0.583
06/08/1973,1.135,0.775,1.301,-2.89,2.631,0.605
06/15/1973,1.166,0.764,1.333,-2.832,2.643,0.625
06/22/1973,1.214,0.784,1.383,-2.765,2.651,0.644
06/29/1973,1.284,0.84,1.453,-2.69,2.657,0.662
07/06/1973,1.372,0.931,1.541,-2.606,2.66,0.678
07/13/1973,1.479,1.055,1.645,-2.513,2.661,0.693
07/20/1973,1.599,1.201,1.761,-2.413,2.66,0.707
07/27/1973,1.729,1.366,1.885,-2.305,2.66,0.719
08/03/1973,1.861,1.538,2.01,-2.189,2.658,0.731
08/10/1973,1.99,1.708,2.13,-2.069,2.657,0.742
08/17/1973,2.11,1.867,2.241,-1.943,2.656,0.751
08/24/1973,2.217,2.006,2.337,-1.814,2.656,0.76
08/31/1973,2.305,2.115,2.414,-1.684,2.657,0.769
09/07/1973,2.369,2.188,2.468,-1.554,2.659,0.777
09/14/1973,2.407,2.22,2.496,-1.426,2.662,0.784
09/21/1973,2.42,2.209,2.5,-1.304,2.667,0.791
09/28/1973,2.41,2.15,2.482,-1.188,2.674,0.798
10/05/1973,2.378,2.036,2.443,-1.082,2.683,0.805
10/12/1973,2.333,1.877,2.392,-0.987,2.694,0.811
10/19/1973,2.28,1.683,2.334,-0.904,2.707,0.817
10/26/1973,2.229,1.489,2.278,-0.834,2.721,0.823
11/02/1973,2.184,1.332,2.23,-0.778,2.736,0.829
11/09/1973,2.151,1.248,2.192,-0.734,2.752,0.835
11/16/1973,2.128,1.256,2.167,-0.701,2.769,0.841
11/23/1973,2.11,1.344,2.147,-0.679,2.785,0.846
11/30/1973,2.088,1.474,2.124,-0.666,2.801,0.851
12/07/1973,2.05,1.592,2.085,-0.661,2.816,0.856
12/14/1973,1.986,1.647,2.024,-0.663,2.831,0.86
12/21/1973,1.891,1.61,1.932,-0.67,2.845,0.863
12/28/1973,1.763,1.477,1.808,-0.683,2.858,0.866
01/04/1974,1.602,1.263,1.653,-0.699,2.871,0.867
01/11/1974,1.42,1.001,1.476,-0.719,2.885,0.867
01/18/1974,1.225,0.718,1.287,-0.742,2.899,0.866
01/25/1974,1.03,0.434,1.097,-0.767,2.913,0.864
02/01/1974,0.847,0.165,0.92,-0.792,2.928,0.86
02/08/1974,0.687,-0.077,0.766,-0.817,2.945,0.854
02/15/1974,0.562,-0.277,0.646,-0.84,2.962,0.846
02/22/1974,0.478,-0.418,0.567,-0.859,2.98,0.836
03/01/1974,0.441,-0.488,0.536,-0.873,2.998,0.825
03/08/1974,0.456,-0.48,0.556,-0.881,3.017,0.812
03/15/1974,0.523,-0.399,0.629,-0.882,3.037,0.797
03/22/1974,0.643,-0.259,0.754,-0.875,3.056,0.78
03/29/1974,0.813,-0.074,0.927,-0.86,3.075,0.763
04/05/1974,1.028,0.147,1.144,-0.837,3.094,0.744
04/12/1974,1.285,0.406,1.4,-0.806,3.112,0.724
04/19/1974,1.576,0.703,1.69,-0.767,3.128,0.703
04/26/1974,1.896,1.038,2.008,-0.722,3.144,0.682
05/03/1974,2.238,1.403,2.346,-0.671,3.158,0.661
05/10/1974,2.596,1.794,2.701,-0.614,3.17,0.639
05/17/1974,2.963,2.2,3.064,-0.553,3.18,0.618
05/24/1974,3.329,2.618,3.428,-0.488,3.189,0.597
05/31/1974,3.687,3.052,3.786,-0.419,3.195,0.577
06/07/1974,4.03,3.505,4.129,-0.347,3.2,0.557
06/14/1974,4.346,3.963,4.447,-0.274,3.202,0.538
06/21/1974,4.626,4.402,4.73,-0.199,3.201,0.52
06/28/1974,4.861,4.781,4.967,-0.125,3.197,0.503
07/05/1974,5.039,5.057,5.147,-0.052,3.19,0.488
07/12/1974,5.154,5.202,5.263,0.02,3.178,0.473
07/19/1974,5.206,5.211,5.313,0.089,3.162,0.46
07/26/1974,5.199,5.107,5.302,0.156,3.141,0.448
08/02/1974,5.143,4.929,5.239,0.22,3.114,0.437
08/09/1974,5.047,4.717,5.133,0.282,3.081,0.428
08/16/1974,4.925,4.518,4.999,0.344,3.041,0.42
08/23/1974,4.785,4.36,4.844,0.404,2.995,0.412
08/30/1974,4.635,4.261,4.679,0.464,2.943,0.406
09/06/1974,4.481,4.215,4.509,0.523,2.884,0.4
09/13/1974,4.324,4.202,4.336,0.581,2.819,0.394
09/20/1974,4.163,4.186,4.161,0.636,2.748,0.389
09/27/1974,3.996,4.12,3.98,0.688,2.672,0.382
10/04/1974,3.822,3.974,3.794,0.734,2.591,0.375
10/11/1974,3.641,3.736,3.603,0.773,2.507,0.366
10/18/1974,3.46,3.433,3.414,0.803,2.42,0.355
10/25/1974,3.288,3.111,3.235,0.823,2.33,0.342
11/01/1974,3.133,2.823,3.074,0.833,2.239,0.326
11/08/1974,3,2.612,2.936,0.831,2.145,0.308
11/15/1974,2.892,2.497,2.824,0.819,2.05,0.286
11/22/1974,2.806,2.467,2.735,0.797,1.953,0.262
11/29/1974,2.736,2.5,2.664,0.763,1.855,0.234
12/06/1974,2.674,2.556,2.603,0.72,1.755,0.203
12/13/1974,2.61,2.601,2.542,0.666,1.653,0.169
12/20/1974,2.538,2.608,2.476,0.603,1.549,0.133
12/27/1974,2.448,2.551,2.394,0.529,1.443,0.095
01/03/1975,2.339,2.423,2.296,0.446,1.336,0.054
01/10/1975,2.208,2.222,2.177,0.352,1.228,0.012
01/17/1975,2.06,1.965,2.043,0.249,1.119,-0.031
01/24/1975,1.901,1.679,1.899,0.138,1.01,-0.074
01/31/1975,1.736,1.394,1.751,0.019,0.9,-0.119
02/07/1975,1.573,1.134,1.605,-0.106,0.791,-0.163
02/14/1975,1.416,0.919,1.467,-0.235,0.681,-0.207
02/21/1975,1.269,0.749,1.339,-0.368,0.572,-0.252
02/28/1975,1.133,0.616,1.223,-0.501,0.464,-0.296
03/07/1975,1.007,0.51,1.119,-0.634,0.357,-0.339
03/14/1975,0.891,0.42,1.026,-0.764,0.251,-0.383
03/21/1975,0.783,0.34,0.94,-0.889,0.146,-0.425
03/28/1975,0.681,0.267,0.858,-1.009,0.043,-0.467
04/04/1975,0.582,0.196,0.777,-1.122,-0.056,-0.508
04/11/1975,0.485,0.125,0.695,-1.226,-0.153,-0.547
04/18/1975,0.39,0.048,0.61,-1.322,-0.246,-0.586
04/25/1975,0.296,-0.042,0.522,-1.409,-0.335,-0.624
05/02/1975,0.206,-0.14,0.433,-1.487,-0.42,-0.661
05/09/1975,0.122,-0.241,0.348,-1.556,-0.499,-0.696
05/16/1975,0.045,-0.335,0.268,-1.618,-0.573,-0.73
05/23/1975,-0.021,-0.414,0.196,-1.672,-0.641,-0.764
05/30/1975,-0.076,-0.468,0.137,-1.72,-0.703,-0.795
06/06/1975,-0.117,-0.496,0.092,-1.762,-0.76,-0.826
06/13/1975,-0.146,-0.503,0.061,-1.799,-0.811,-0.856
06/20/1975,-0.164,-0.497,0.044,-1.833,-0.856,-0.884
06/27/1975,-0.172,-0.487,0.037,-1.864,-0.896,-0.911
07/04/1975,-0.173,-0.48,0.039,-1.892,-0.93,-0.937
07/11/1975,-0.17,-0.483,0.046,-1.918,-0.96,-0.961
07/18/1975,-0.164,-0.498,0.055,-1.941,-0.985,-0.984
07/25/1975,-0.157,-0.521,0.065,-1.963,-1.007,-1.006
08/01/1975,-0.147,-0.547,0.077,-1.981,-1.026,-1.025
08/08/1975,-0.134,-0.572,0.09,-1.995,-1.042,-1.044
08/15/1975,-0.118,-0.589,0.105,-2.006,-1.057,-1.06
08/22/1975,-0.097,-0.592,0.123,-2.011,-1.07,-1.075
08/29/1975,-0.071,-0.577,0.144,-2.011,-1.083,-1.089
09/05/1975,-0.042,-0.544,0.168,-2.006,-1.096,-1.101
09/12/1975,-0.009,-0.497,0.195,-1.997,-1.11,-1.112
09/19/1975,0.026,-0.44,0.222,-1.984,-1.125,-1.122
09/26/1975,0.06,-0.382,0.249,-1.968,-1.141,-1.131
10/03/1975,0.091,-0.329,0.273,-1.952,-1.158,-1.139
10/10/1975,0.118,-0.289,0.291,-1.936,-1.177,-1.147
10/17/1975,0.137,-0.262,0.303,-1.922,-1.197,-1.154
10/24/1975,0.149,-0.244,0.308,-1.91,-1.219,-1.161
10/31/1975,0.153,-0.234,0.305,-1.902,-1.243,-1.167
11/07/1975,0.146,-0.229,0.293,-1.898,-1.269,-1.173
11/14/1975,0.129,-0.231,0.271,-1.897,-1.296,-1.18
11/21/1975,0.101,-0.241,0.239,-1.898,-1.324,-1.186
11/28/1975,0.062,-0.262,0.197,-1.902,-1.353,-1.192
12/05/1975,0.012,-0.298,0.146,-1.907,-1.383,-1.198
12/12/1975,-0.047,-0.349,0.085,-1.914,-1.414,-1.203
12/19/1975,-0.114,-0.413,0.019,-1.923,-1.445,-1.208
12/26/1975,-0.187,-0.491,-0.052,-1.932,-1.476,-1.213
01/02/1976,-0.262,-0.58,-0.125,-1.944,-1.506,-1.217
01/09/1976,-0.337,-0.676,-0.197,-1.957,-1.535,-1.22
01/16/1976,-0.408,-0.772,-0.265,-1.972,-1.562,-1.223
01/23/1976,-0.475,-0.862,-0.327,-1.989,-1.587,-1.224
01/30/1976,-0.534,-0.939,-0.383,-2.008,-1.609,-1.224
02/06/1976,-0.586,-0.998,-0.432,-2.029,-1.627,-1.222
02/13/1976,-0.629,-1.035,-0.474,-2.05,-1.642,-1.219
02/20/1976,-0.666,-1.054,-0.509,-2.071,-1.653,-1.215
02/27/1976,-0.695,-1.06,-0.537,-2.091,-1.659,-1.208
03/05/1976,-0.718,-1.057,-0.56,-2.111,-1.661,-1.2
03/12/1976,-0.734,-1.047,-0.575,-2.129,-1.659,-1.191
03/19/1976,-0.743,-1.034,-0.583,-2.146,-1.653,-1.18
03/26/1976,-0.744,-1.015,-0.584,-2.162,-1.644,-1.167
04/02/1976,-0.737,-0.989,-0.575,-2.177,-1.631,-1.154
04/09/1976,-0.722,-0.953,-0.558,-2.191,-1.615,-1.139
04/16/1976,-0.697,-0.905,-0.532,-2.204,-1.597,-1.124
04/23/1976,-0.666,-0.846,-0.499,-2.216,-1.576,-1.108
04/30/1976,-0.628,-0.775,-0.461,-2.227,-1.554,-1.092
05/07/1976,-0.588,-0.693,-0.421,-2.236,-1.529,-1.075
05/14/1976,-0.549,-0.606,-0.381,-2.243,-1.503,-1.059
05/21/1976,-0.514,-0.521,-0.346,-2.246,-1.476,-1.043
05/28/1976,-0.485,-0.447,-0.319,-2.247,-1.448,-1.028
06/04/1976,-0.467,-0.394,-0.302,-2.243,-1.42,-1.013
06/11/1976,-0.46,-0.369,-0.297,-2.236,-1.39,-0.999
06/18/1976,-0.464,-0.375,-0.303,-2.224,-1.36,-0.986
06/25/1976,-0.478,-0.411,-0.32,-2.209,-1.33,-0.973
07/02/1976,-0.501,-0.47,-0.346,-2.19,-1.3,-0.962
07/09/1976,-0.53,-0.546,-0.379,-2.168,-1.271,-0.951
07/16/1976,-0.561,-0.63,-0.416,-2.143,-1.243,-0.942
07/23/1976,-0.593,-0.715,-0.454,-2.116,-1.217,-0.934
07/30/1976,-0.624,-0.795,-0.491,-2.086,-1.193,-0.927
08/06/1976,-0.651,-0.866,-0.526,-2.054,-1.171,-0.921
08/13/1976,-0.675,-0.924,-0.558,-2.021,-1.153,-0.916
08/20/1976,-0.694,-0.969,-0.585,-1.986,-1.137,-0.912
08/27/1976,-0.709,-0.999,-0.608,-1.949,-1.126,-0.909
09/03/1976,-0.718,-1.018,-0.624,-1.912,-1.118,-0.907
09/10/1976,-0.724,-1.028,-0.636,-1.874,-1.114,-0.906
09/17/1976,-0.726,-1.033,-0.643,-1.836,-1.114,-0.905
09/24/1976,-0.725,-1.039,-0.646,-1.798,-1.117,-0.904
10/01/1976,-0.721,-1.045,-0.645,-1.762,-1.125,-0.904
10/08/1976,-0.715,-1.054,-0.642,-1.728,-1.135,-0.903
10/15/1976,-0.707,-1.062,-0.636,-1.696,-1.148,-0.902
10/22/1976,-0.699,-1.067,-0.63,-1.667,-1.163,-0.901
10/29/1976,-0.689,-1.064,-0.623,-1.642,-1.18,-0.898
11/05/1976,-0.679,-1.053,-0.617,-1.621,-1.198,-0.895
11/12/1976,-0.672,-1.034,-0.612,-1.604,-1.217,-0.89
11/19/1976,-0.667,-1.008,-0.61,-1.593,-1.235,-0.884
11/26/1976,-0.666,-0.983,-0.612,-1.586,-1.253,-0.877
12/03/1976,-0.672,-0.965,-0.617,-1.585,-1.27,-0.869
12/10/1976,-0.684,-0.96,-0.627,-1.591,-1.286,-0.86
12/17/1976,-0.704,-0.972,-0.642,-1.602,-1.299,-0.85
12/24/1976,-0.73,-1.004,-0.662,-1.619,-1.31,-0.839
12/31/1976,-0.762,-1.052,-0.686,-1.641,-1.318,-0.827
01/07/1977,-0.798,-1.112,-0.712,-1.667,-1.324,-0.814
01/14/1977,-0.835,-1.174,-0.739,-1.696,-1.327,-0.801
01/21/1977,-0.87,-1.231,-0.765,-1.727,-1.328,-0.788
01/28/1977,-0.901,-1.277,-0.788,-1.758,-1.327,-0.775
02/04/1977,-0.925,-1.307,-0.806,-1.787,-1.325,-0.761
02/11/1977,-0.941,-1.321,-0.816,-1.814,-1.322,-0.748
02/18/1977,-0.948,-1.319,-0.819,-1.838,-1.318,-0.734
02/25/1977,-0.946,-1.302,-0.813,-1.857,-1.315,-0.721
03/04/1977,-0.933,-1.273,-0.798,-1.871,-1.312,-0.708
03/11/1977,-0.913,-1.238,-0.775,-1.88,-1.309,-0.695
03/18/1977,-0.886,-1.202,-0.744,-1.883,-1.307,-0.682
03/25/1977,-0.853,-1.168,-0.708,-1.88,-1.305,-0.67
04/01/1977,-0.816,-1.139,-0.669,-1.872,-1.303,-0.657
04/08/1977,-0.777,-1.117,-0.627,-1.859,-1.301,-0.644
04/15/1977,-0.735,-1.096,-0.584,-1.841,-1.297,-0.63
04/22/1977,-0.693,-1.075,-0.543,-1.818,-1.293,-0.616
04/29/1977,-0.652,-1.051,-0.503,-1.791,-1.287,-0.602
05/06/1977,-0.613,-1.025,-0.469,-1.761,-1.279,-0.587
05/13/1977,-0.577,-0.999,-0.439,-1.727,-1.268,-0.571
05/20/1977,-0.547,-0.978,-0.416,-1.691,-1.256,-0.554
05/27/1977,-0.522,-0.966,-0.399,-1.654,-1.24,-0.537
06/03/1977,-0.505,-0.965,-0.389,-1.616,-1.222,-0.518
06/10/1977,-0.494,-0.976,-0.386,-1.578,-1.201,-0.499
06/17/1977,-0.489,-0.998,-0.387,-1.542,-1.178,-0.479
06/24/1977,-0.489,-1.03,-0.393,-1.508,-1.153,-0.458
07/01/1977,-0.493,-1.069,-0.401,-1.476,-1.125,-0.436
07/08/1977,-0.499,-1.111,-0.411,-1.448,-1.096,-0.414
07/15/1977,-0.505,-1.149,-0.42,-1.424,-1.066,-0.392
07/22/1977,-0.51,-1.177,-0.427,-1.404,-1.034,-0.369
07/29/1977,-0.512,-1.19,-0.431,-1.387,-1.002,-0.346
08/05/1977,-0.511,-1.185,-0.431,-1.374,-0.97,-0.323
08/12/1977,-0.506,-1.166,-0.427,-1.363,-0.938,-0.3
08/19/1977,-0.497,-1.136,-0.419,-1.355,-0.907,-0.277
08/26/1977,-0.485,-1.102,-0.408,-1.349,-0.877,-0.254
09/02/1977,-0.47,-1.067,-0.392,-1.344,-0.848,-0.231
09/09/1977,-0.451,-1.031,-0.372,-1.339,-0.821,-0.208
09/16/1977,-0.428,-0.991,-0.347,-1.334,-0.795,-0.185
09/23/1977,-0.403,-0.946,-0.318,-1.329,-0.771,-0.162
09/30/1977,-0.376,-0.896,-0.287,-1.322,-0.749,-0.14
10/07/1977,-0.348,-0.844,-0.254,-1.314,-0.729,-0.118
10/14/1977,-0.32,-0.791,-0.222,-1.303,-0.711,-0.096
10/21/1977,-0.293,-0.741,-0.191,-1.289,-0.694,-0.074
10/28/1977,-0.269,-0.694,-0.163,-1.272,-0.68,-0.052
11/04/1977,-0.248,-0.649,-0.139,-1.25,-0.667,-0.031
11/11/1977,-0.231,-0.608,-0.12,-1.223,-0.655,-0.01
11/18/1977,-0.22,-0.571,-0.108,-1.19,-0.645,0.01
11/25/1977,-0.215,-0.542,-0.102,-1.151,-0.637,0.03
12/02/1977,-0.215,-0.524,-0.104,-1.106,-0.63,0.049
12/09/1977,-0.22,-0.521,-0.111,-1.054,-0.624,0.067
12/16/1977,-0.23,-0.533,-0.124,-0.997,-0.619,0.084
12/23/1977,-0.243,-0.558,-0.142,-0.934,-0.617,0.1
12/30/1977,-0.259,-0.591,-0.162,-0.866,-0.615,0.115
01/06/1978,-0.274,-0.629,-0.183,-0.796,-0.616,0.128
01/13/1978,-0.286,-0.665,-0.202,-0.724,-0.62,0.14
01/20/1978,-0.294,-0.695,-0.216,-0.653,-0.626,0.151
01/27/1978,-0.295,-0.716,-0.223,-0.582,-0.634,0.16
02/03/1978,-0.289,-0.725,-0.22,-0.514,-0.646,0.167
02/10/1978,-0.273,-0.719,-0.208,-0.45,-0.661,0.173
02/17/1978,-0.249,-0.697,-0.184,-0.391,-0.679,0.177
02/24/1978,-0.216,-0.66,-0.15,-0.336,-0.7,0.18
03/03/1978,-0.175,-0.612,-0.106,-0.285,-0.723,0.181
03/10/1978,-0.127,-0.559,-0.053,-0.24,-0.748,0.181
03/17/1978,-0.074,-0.507,0.007,-0.198,-0.774,0.181
03/24/1978,-0.017,-0.458,0.072,-0.16,-0.801,0.18
03/31/1978,0.042,-0.414,0.14,-0.125,-0.827,0.179
04/07/1978,0.104,-0.371,0.21,-0.094,-0.852,0.179
04/14/1978,0.166,-0.327,0.282,-0.066,-0.874,0.18
04/21/1978,0.23,-0.279,0.354,-0.041,-0.894,0.183
04/28/1978,0.294,-0.229,0.426,-0.02,-0.909,0.188
05/05/1978,0.357,-0.18,0.495,-0,-0.92,0.195
05/12/1978,0.417,-0.132,0.561,0.016,-0.927,0.204
05/19/1978,0.474,-0.089,0.622,0.031,-0.928,0.216
05/26/1978,0.525,-0.051,0.675,0.045,-0.923,0.231
06/02/1978,0.57,-0.018,0.72,0.057,-0.913,0.249
06/09/1978,0.606,0.007,0.755,0.069,-0.898,0.269
06/16/1978,0.633,0.026,0.779,0.082,-0.877,0.292
06/23/1978,0.648,0.036,0.79,0.095,-0.85,0.316
06/30/1978,0.652,0.038,0.789,0.11,-0.819,0.343
07/07/1978,0.645,0.032,0.775,0.125,-0.782,0.37
07/14/1978,0.626,0.017,0.751,0.141,-0.742,0.399
07/21/1978,0.6,-0.007,0.718,0.158,-0.697,0.428
07/28/1978,0.568,-0.044,0.681,0.175,-0.648,0.457
08/04/1978,0.534,-0.097,0.644,0.192,-0.596,0.485
08/11/1978,0.503,-0.162,0.612,0.208,-0.541,0.514
08/18/1978,0.483,-0.231,0.592,0.224,-0.483,0.541
08/25/1978,0.48,-0.287,0.592,0.24,-0.422,0.568
09/01/1978,0.5,-0.313,0.617,0.256,-0.359,0.593
09/08/1978,0.55,-0.29,0.672,0.273,-0.294,0.618
09/15/1978,0.631,-0.207,0.761,0.29,-0.228,0.642
09/22/1978,0.744,-0.06,0.882,0.308,-0.161,0.664
09/29/1978,0.887,0.148,1.035,0.327,-0.095,0.686
10/06/1978,1.053,0.405,1.211,0.347,-0.029,0.707
10/13/1978,1.235,0.694,1.402,0.369,0.034,0.728
10/20/1978,1.42,0.992,1.597,0.391,0.095,0.748
10/27/1978,1.597,1.274,1.782,0.413,0.152,0.768
11/03/1978,1.753,1.509,1.945,0.436,0.205,0.788
11/10/1978,1.881,1.68,2.077,0.458,0.253,0.807
11/17/1978,1.973,1.772,2.17,0.48,0.297,0.827
11/24/1978,2.023,1.779,2.217,0.502,0.335,0.847
12/01/1978,2.032,1.72,2.22,0.523,0.368,0.868
12/08/1978,2.002,1.611,2.18,0.543,0.397,0.888
12/15/1978,1.937,1.471,2.102,0.563,0.421,0.91
12/22/1978,1.842,1.314,1.991,0.582,0.441,0.931
12/29/1978,1.722,1.148,1.855,0.6,0.456,0.952
01/05/1979,1.585,0.974,1.7,0.616,0.468,0.974
01/12/1979,1.437,0.794,1.534,0.63,0.475,0.995
01/19/1979,1.284,0.612,1.364,0.642,0.479,1.017
01/26/1979,1.131,0.438,1.197,0.651,0.479,1.038
02/02/1979,0.984,0.279,1.037,0.659,0.475,1.058
02/09/1979,0.846,0.141,0.889,0.664,0.469,1.078
02/16/1979,0.719,0.022,0.752,0.669,0.461,1.097
02/23/1979,0.605,-0.084,0.63,0.674,0.45,1.115
03/02/1979,0.506,-0.182,0.524,0.68,0.439,1.133
03/09/1979,0.422,-0.277,0.432,0.688,0.427,1.149
03/16/1979,0.354,-0.365,0.356,0.699,0.415,1.164
03/23/1979,0.302,-0.439,0.296,0.714,0.404,1.178
03/30/1979,0.266,-0.491,0.25,0.732,0.394,1.192
04/06/1979,0.245,-0.52,0.22,0.754,0.386,1.204
04/13/1979,0.238,-0.53,0.204,0.779,0.379,1.215
04/20/1979,0.246,-0.528,0.202,0.809,0.373,1.226
04/27/1979,0.266,-0.521,0.214,0.842,0.369,1.235
05/04/1979,0.298,-0.51,0.237,0.878,0.365,1.244
05/11/1979,0.34,-0.489,0.272,0.917,0.363,1.251
05/18/1979,0.392,-0.45,0.318,0.958,0.362,1.259
05/25/1979,0.454,-0.388,0.373,1.002,0.361,1.265
06/01/1979,0.523,-0.305,0.437,1.047,0.36,1.271
06/08/1979,0.598,-0.213,0.509,1.093,0.36,1.277
06/15/1979,0.677,-0.124,0.587,1.138,0.359,1.282
06/22/1979,0.757,-0.051,0.668,1.181,0.36,1.287
06/29/1979,0.838,0.004,0.754,1.222,0.36,1.292
07/06/1979,0.919,0.046,0.842,1.26,0.362,1.298
07/13/1979,0.999,0.087,0.934,1.294,0.364,1.303
07/20/1979,1.082,0.137,1.032,1.325,0.368,1.309
07/27/1979,1.168,0.198,1.135,1.353,0.373,1.316
08/03/1979,1.26,0.271,1.246,1.379,0.379,1.323
08/10/1979,1.358,0.353,1.363,1.404,0.387,1.331
08/17/1979,1.464,0.448,1.487,1.428,0.395,1.339
08/24/1979,1.578,0.563,1.617,1.453,0.405,1.349
08/31/1979,1.697,0.704,1.75,1.48,0.416,1.358
09/07/1979,1.821,0.873,1.884,1.509,0.427,1.368
09/14/1979,1.947,1.066,2.016,1.54,0.438,1.379
09/21/1979,2.071,1.267,2.142,1.573,0.449,1.39
09/28/1979,2.189,1.46,2.258,1.607,0.459,1.401
10/05/1979,2.296,1.634,2.358,1.643,0.469,1.411
10/12/1979,2.387,1.785,2.439,1.679,0.478,1.422
10/19/1979,2.457,1.908,2.494,1.716,0.486,1.432
10/26/1979,2.502,2.001,2.521,1.751,0.493,1.441
11/02/1979,2.519,2.056,2.519,1.785,0.498,1.45
11/09/1979,2.505,2.057,2.485,1.816,0.503,1.458
11/16/1979,2.462,2,2.424,1.844,0.506,1.466
11/23/1979,2.392,1.888,2.338,1.869,0.509,1.473
11/30/1979,2.302,1.743,2.235,1.891,0.512,1.48
12/07/1979,2.197,1.592,2.123,1.909,0.516,1.487
12/14/1979,2.087,1.46,2.012,1.925,0.522,1.493
12/21/1979,1.981,1.361,1.911,1.941,0.532,1.499
12/28/1979,1.885,1.287,1.828,1.957,0.547,1.505
01/04/1980,1.809,1.22,1.769,1.976,0.568,1.511
01/11/1980,1.762,1.153,1.742,2.002,0.596,1.517
01/18/1980,1.751,1.083,1.753,2.035,0.634,1.523
01/25/1980,1.783,1.029,1.806,2.081,0.681,1.53
02/01/1980,1.867,1.025,1.904,2.14,0.739,1.537
02/08/1980,2.001,1.094,2.045,2.215,0.806,1.544
02/15/1980,2.187,1.252,2.226,2.307,0.884,1.552
02/22/1980,2.419,1.497,2.438,2.416,0.97,1.56
02/29/1980,2.686,1.813,2.67,2.54,1.061,1.567
03/07/1980,2.971,2.171,2.906,2.676,1.155,1.574
03/14/1980,3.258,2.554,3.133,2.819,1.248,1.58
03/21/1980,3.523,2.931,3.332,2.962,1.335,1.586
03/28/1980,3.744,3.267,3.485,3.099,1.413,1.589
04/04/1980,3.907,3.538,3.583,3.223,1.477,1.591
04/11/1980,3.995,3.696,3.615,3.327,1.524,1.59
04/18/1980,4.002,3.719,3.578,3.406,1.551,1.586
04/25/1980,3.93,3.606,3.478,3.454,1.555,1.578
05/02/1980,3.783,3.383,3.321,3.468,1.536,1.567
05/09/1980,3.571,3.096,3.116,3.448,1.494,1.551
05/16/1980,3.313,2.807,2.879,3.395,1.429,1.532
05/23/1980,3.02,2.549,2.622,3.311,1.344,1.508
05/30/1980,2.708,2.322,2.354,3.199,1.241,1.479
06/06/1980,2.391,2.114,2.086,3.064,1.122,1.447
06/13/1980,2.08,1.889,1.826,2.913,0.991,1.411
06/20/1980,1.782,1.623,1.578,2.75,0.85,1.372
06/27/1980,1.509,1.331,1.352,2.583,0.704,1.331
07/04/1980,1.272,1.045,1.156,2.418,0.556,1.288
07/11/1980,1.076,0.8,0.994,2.26,0.408,1.243
07/18/1980,0.929,0.631,0.873,2.115,0.264,1.199
07/25/1980,0.829,0.537,0.793,1.986,0.126,1.154
08/01/1980,0.774,0.507,0.751,1.876,-0.003,1.111
08/08/1980,0.76,0.524,0.744,1.788,-0.12,1.069
08/15/1980,0.779,0.568,0.765,1.722,-0.226,1.028
08/22/1980,0.82,0.625,0.805,1.676,-0.318,0.989
08/29/1980,0.88,0.703,0.861,1.651,-0.395,0.953
09/05/1980,0.953,0.794,0.93,1.645,-0.459,0.919
09/12/1980,1.033,0.873,1.005,1.656,-0.508,0.888
09/19/1980,1.123,0.934,1.091,1.681,-0.544,0.859
09/26/1980,1.222,0.966,1.188,1.719,-0.567,0.832
10/03/1980,1.335,0.97,1.3,1.768,-0.577,0.808
10/10/1980,1.463,0.962,1.43,1.826,-0.575,0.787
10/17/1980,1.615,0.981,1.586,1.89,-0.561,0.768
10/24/1980,1.79,1.039,1.765,1.959,-0.537,0.752
10/31/1980,1.989,1.156,1.969,2.032,-0.501,0.739
11/07/1980,2.207,1.328,2.192,2.106,-0.456,0.727
11/14/1980,2.433,1.533,2.42,2.183,-0.402,0.719
11/21/1980,2.66,1.766,2.647,2.259,-0.34,0.712
11/28/1980,2.877,2.016,2.86,2.334,-0.272,0.708
12/05/1980,3.061,2.246,3.037,2.407,-0.2,0.707
12/12/1980,3.202,2.437,3.167,2.476,-0.126,0.707
12/19/1980,3.295,2.58,3.246,2.54,-0.052,0.709
12/26/1980,3.321,2.612,3.256,2.598,0.021,0.713
01/02/1981,3.288,2.539,3.207,2.647,0.089,0.719
01/09/1981,3.197,2.361,3.101,2.687,0.152,0.727
01/16/1981,3.062,2.11,2.953,2.716,0.21,0.736
01/23/1981,2.892,1.826,2.771,2.734,0.262,0.746
01/30/1981,2.701,1.557,2.572,2.741,0.308,0.757
02/06/1981,2.5,1.322,2.367,2.737,0.349,0.77
02/13/1981,2.305,1.135,2.171,2.723,0.386,0.783
02/20/1981,2.128,0.989,1.995,2.701,0.418,0.797
02/27/1981,1.97,0.852,1.841,2.673,0.448,0.812
03/06/1981,1.842,0.735,1.72,2.641,0.476,0.827
03/13/1981,1.747,0.645,1.634,2.607,0.503,0.843
03/20/1981,1.688,0.597,1.584,2.574,0.53,0.858
03/27/1981,1.667,0.605,1.572,2.544,0.559,0.873
04/03/1981,1.683,0.67,1.596,2.52,0.591,0.887
04/10/1981,1.734,0.766,1.651,2.504,0.625,0.9
04/17/1981,1.819,0.88,1.738,2.497,0.664,0.911
04/24/1981,1.927,0.98,1.844,2.499,0.707,0.921
05/01/1981,2.057,1.071,1.968,2.509,0.754,0.929
05/08/1981,2.205,1.179,2.11,2.526,0.806,0.935
05/15/1981,2.365,1.322,2.263,2.548,0.862,0.94
05/22/1981,2.532,1.509,2.424,2.571,0.921,0.942
05/29/1981,2.706,1.751,2.595,2.595,0.982,0.943
06/05/1981,2.874,2.014,2.765,2.616,1.044,0.942
06/12/1981,3.038,2.282,2.935,2.634,1.108,0.939
06/19/1981,3.186,2.531,3.094,2.647,1.174,0.936
06/26/1981,3.314,2.75,3.235,2.657,1.24,0.932
07/03/1981,3.415,2.938,3.351,2.664,1.308,0.928
07/10/1981,3.486,3.093,3.436,2.671,1.378,0.923
07/17/1981,3.527,3.208,3.489,2.679,1.45,0.919
07/24/1981,3.535,3.26,3.506,2.689,1.523,0.916
07/31/1981,3.518,3.255,3.492,2.705,1.598,0.913
08/07/1981,3.475,3.19,3.449,2.725,1.673,0.912
08/14/1981,3.414,3.094,3.382,2.751,1.748,0.911
08/21/1981,3.341,3,3.301,2.783,1.822,0.912
08/28/1981,3.264,2.935,3.212,2.821,1.894,0.914
09/04/1981,3.187,2.9,3.12,2.864,1.964,0.917
09/11/1981,3.115,2.889,3.033,2.912,2.029,0.921
09/18/1981,3.049,2.868,2.947,2.964,2.09,0.926
09/25/1981,2.986,2.828,2.865,3.018,2.145,0.931
10/02/1981,2.931,2.782,2.789,3.073,2.195,0.936
10/09/1981,2.876,2.735,2.712,3.128,2.239,0.94
10/16/1981,2.822,2.71,2.638,3.179,2.276,0.943
10/23/1981,2.768,2.706,2.564,3.226,2.308,0.945
10/30/1981,2.708,2.7,2.488,3.266,2.333,0.944
11/06/1981,2.639,2.663,2.406,3.297,2.351,0.942
11/13/1981,2.562,2.584,2.322,3.318,2.364,0.937
11/20/1981,2.476,2.468,2.236,3.329,2.37,0.929
11/27/1981,2.388,2.351,2.153,3.329,2.373,0.918
12/04/1981,2.302,2.269,2.076,3.321,2.373,0.905
12/11/1981,2.221,2.232,2.006,3.306,2.372,0.888
12/18/1981,2.144,2.228,1.941,3.287,2.371,0.869
12/25/1981,2.076,2.233,1.882,3.267,2.371,0.847
01/01/1982,2.014,2.209,1.828,3.248,2.373,0.824
01/08/1982,1.963,2.148,1.78,3.232,2.377,0.798
01/15/1982,1.928,2.074,1.744,3.22,2.382,0.77
01/22/1982,1.908,2.013,1.719,3.213,2.389,0.741
01/29/1982,1.907,2.002,1.71,3.21,2.395,0.712
02/05/1982,1.918,2.036,1.712,3.211,2.399,0.682
02/12/1982,1.942,2.105,1.726,3.214,2.402,0.651
02/19/1982,1.973,2.176,1.749,3.217,2.402,0.621
02/26/1982,2.007,2.223,1.776,3.221,2.398,0.59
03/05/1982,2.037,2.229,1.804,3.223,2.391,0.56
03/12/1982,2.064,2.21,1.83,3.223,2.38,0.53
03/19/1982,2.088,2.191,1.856,3.221,2.366,0.5
03/26/1982,2.11,2.188,1.882,3.217,2.35,0.471
04/02/1982,2.129,2.201,1.906,3.211,2.332,0.442
04/09/1982,2.152,2.232,1.935,3.202,2.314,0.414
04/16/1982,2.181,2.266,1.97,3.191,2.295,0.386
04/23/1982,2.217,2.299,2.014,3.178,2.277,0.359
04/30/1982,2.266,2.343,2.07,3.163,2.259,0.332
05/07/1982,2.328,2.418,2.142,3.146,2.241,0.305
05/14/1982,2.405,2.541,2.229,3.127,2.224,0.279
05/21/1982,2.497,2.721,2.331,3.106,2.207,0.252
05/28/1982,2.594,2.937,2.438,3.085,2.189,0.226
06/04/1982,2.691,3.16,2.543,3.065,2.172,0.199
06/11/1982,2.782,3.362,2.642,3.045,2.153,0.172
06/18/1982,2.86,3.507,2.725,3.027,2.133,0.145
06/25/1982,2.919,3.576,2.786,3.012,2.11,0.118
07/02/1982,2.959,3.573,2.827,2.999,2.084,0.09
07/09/1982,2.984,3.515,2.851,2.988,2.054,0.062
07/16/1982,3,3.42,2.865,2.977,2.018,0.034
07/23/1982,3.019,3.326,2.883,2.966,1.975,0.005
07/30/1982,3.05,3.262,2.914,2.953,1.925,-0.025
08/06/1982,3.101,3.259,2.967,2.937,1.868,-0.055
08/13/1982,3.174,3.339,3.043,2.917,1.804,-0.085
08/20/1982,3.259,3.504,3.132,2.892,1.732,-0.116
08/27/1982,3.347,3.743,3.226,2.862,1.654,-0.147
09/03/1982,3.421,4.019,3.306,2.826,1.569,-0.179
09/10/1982,3.463,4.269,3.353,2.785,1.479,-0.21
09/17/1982,3.455,4.428,3.35,2.74,1.385,-0.242
09/24/1982,3.382,4.436,3.28,2.69,1.286,-0.274
10/01/1982,3.238,4.263,3.137,2.636,1.184,-0.305
10/08/1982,3.028,3.923,2.926,2.578,1.08,-0.337
10/15/1982,2.763,3.464,2.661,2.516,0.974,-0.367
10/22/1982,2.465,2.959,2.362,2.45,0.867,-0.397
10/29/1982,2.156,2.477,2.051,2.38,0.761,-0.426
11/05/1982,1.856,2.071,1.749,2.306,0.655,-0.455
11/12/1982,1.58,1.765,1.47,2.229,0.552,-0.482
11/19/1982,1.337,1.561,1.226,2.148,0.452,-0.508
11/26/1982,1.134,1.445,1.021,2.063,0.355,-0.533
12/03/1982,0.966,1.39,0.854,1.976,0.262,-0.557
12/10/1982,0.83,1.364,0.719,1.887,0.173,-0.58
12/17/1982,0.718,1.343,0.609,1.797,0.087,-0.602
12/24/1982,0.621,1.298,0.516,1.707,0.004,-0.623
12/31/1982,0.533,1.218,0.433,1.618,-0.077,-0.643
01/07/1983,0.452,1.104,0.357,1.53,-0.155,-0.662
01/14/1983,0.376,0.974,0.287,1.445,-0.233,-0.68
01/21/1983,0.305,0.844,0.222,1.363,-0.31,-0.697
01/28/1983,0.24,0.732,0.164,1.284,-0.386,-0.714
02/04/1983,0.183,0.645,0.112,1.208,-0.463,-0.729
02/11/1983,0.135,0.577,0.068,1.136,-0.54,-0.744
02/18/1983,0.096,0.525,0.034,1.066,-0.616,-0.757
02/25/1983,0.067,0.481,0.01,0.998,-0.692,-0.77
03/04/1983,0.046,0.441,-0.006,0.931,-0.768,-0.782
03/11/1983,0.031,0.415,-0.014,0.865,-0.843,-0.794
03/18/1983,0.021,0.406,-0.017,0.799,-0.916,-0.804
03/25/1983,0.011,0.405,-0.019,0.734,-0.986,-0.813
04/01/1983,-0.001,0.404,-0.022,0.671,-1.054,-0.822
04/08/1983,-0.018,0.387,-0.029,0.608,-1.118,-0.829
04/15/1983,-0.04,0.342,-0.042,0.548,-1.177,-0.835
04/22/1983,-0.066,0.268,-0.059,0.49,-1.231,-0.839
04/29/1983,-0.096,0.174,-0.08,0.436,-1.279,-0.842
05/06/1983,-0.127,0.078,-0.103,0.384,-1.32,-0.844
05/13/1983,-0.155,-0.006,-0.124,0.337,-1.353,-0.844
05/20/1983,-0.177,-0.069,-0.139,0.294,-1.379,-0.843
05/27/1983,-0.192,-0.116,-0.15,0.256,-1.397,-0.84
06/03/1983,-0.199,-0.151,-0.153,0.223,-1.407,-0.835
06/10/1983,-0.197,-0.176,-0.15,0.194,-1.408,-0.829
06/17/1983,-0.189,-0.195,-0.141,0.171,-1.402,-0.821
06/24/1983,-0.175,-0.203,-0.128,0.154,-1.389,-0.812
07/01/1983,-0.157,-0.194,-0.112,0.142,-1.37,-0.802
07/08/1983,-0.138,-0.175,-0.095,0.136,-1.346,-0.79
07/15/1983,-0.118,-0.152,-0.08,0.135,-1.318,-0.777
07/22/1983,-0.102,-0.136,-0.068,0.139,-1.289,-0.764
07/29/1983,-0.089,-0.134,-0.062,0.148,-1.258,-0.749
08/05/1983,-0.082,-0.146,-0.06,0.162,-1.227,-0.734
08/12/1983,-0.079,-0.164,-0.064,0.178,-1.197,-0.718
08/19/1983,-0.081,-0.185,-0.073,0.198,-1.168,-0.702
08/26/1983,-0.086,-0.202,-0.083,0.219,-1.142,-0.684
09/02/1983,-0.091,-0.218,-0.094,0.24,-1.117,-0.667
09/09/1983,-0.096,-0.241,-0.103,0.261,-1.095,-0.649
09/16/1983,-0.097,-0.272,-0.108,0.281,-1.074,-0.63
09/23/1983,-0.094,-0.308,-0.107,0.299,-1.056,-0.611
09/30/1983,-0.084,-0.339,-0.099,0.314,-1.038,-0.591
10/07/1983,-0.068,-0.358,-0.083,0.325,-1.021,-0.571
10/14/1983,-0.047,-0.355,-0.06,0.333,-1.005,-0.551
10/21/1983,-0.02,-0.334,-0.032,0.336,-0.988,-0.53
10/28/1983,0.007,-0.307,-0.002,0.336,-0.971,-0.508
11/04/1983,0.035,-0.277,0.03,0.331,-0.952,-0.487
11/11/1983,0.06,-0.251,0.058,0.323,-0.931,-0.465
11/18/1983,0.081,-0.224,0.082,0.311,-0.908,-0.442
11/25/1983,0.097,-0.188,0.101,0.296,-0.882,-0.419
12/02/1983,0.106,-0.143,0.112,0.277,-0.854,-0.396
12/09/1983,0.107,-0.094,0.114,0.256,-0.824,-0.372
12/16/1983,0.1,-0.054,0.107,0.232,-0.792,-0.348
12/23/1983,0.084,-0.041,0.09,0.205,-0.758,-0.324
12/30/1983,0.057,-0.063,0.062,0.176,-0.723,-0.299
01/06/1984,0.024,-0.116,0.028,0.145,-0.688,-0.275
01/13/1984,-0.015,-0.188,-0.012,0.111,-0.654,-0.25
01/20/1984,-0.057,-0.268,-0.053,0.075,-0.622,-0.224
01/27/1984,-0.098,-0.342,-0.092,0.037,-0.592,-0.199
02/03/1984,-0.135,-0.404,-0.126,-0.002,-0.565,-0.174
02/10/1984,-0.165,-0.454,-0.151,-0.042,-0.541,-0.149
02/17/1984,-0.186,-0.491,-0.165,-0.082,-0.52,-0.125
02/24/1984,-0.197,-0.513,-0.167,-0.12,-0.502,-0.1
03/02/1984,-0.194,-0.515,-0.155,-0.157,-0.488,-0.075
03/09/1984,-0.178,-0.495,-0.13,-0.189,-0.475,-0.051
03/16/1984,-0.146,-0.454,-0.089,-0.218,-0.465,-0.026
03/23/1984,-0.098,-0.397,-0.032,-0.241,-0.456,-0.002
03/30/1984,-0.033,-0.328,0.042,-0.258,-0.448,0.023
04/06/1984,0.049,-0.249,0.132,-0.269,-0.44,0.047
04/13/1984,0.146,-0.156,0.235,-0.274,-0.433,0.071
04/20/1984,0.256,-0.043,0.352,-0.273,-0.425,0.095
04/27/1984,0.377,0.095,0.479,-0.265,-0.416,0.119
05/04/1984,0.505,0.25,0.613,-0.252,-0.406,0.142
05/11/1984,0.637,0.414,0.748,-0.232,-0.395,0.166
05/18/1984,0.765,0.572,0.879,-0.207,-0.382,0.189
05/25/1984,0.885,0.716,1,-0.175,-0.367,0.212
06/01/1984,0.991,0.847,1.106,-0.138,-0.349,0.235
06/08/1984,1.08,0.966,1.191,-0.094,-0.328,0.257
06/15/1984,1.149,1.076,1.253,-0.046,-0.305,0.279
06/22/1984,1.193,1.17,1.289,0.007,-0.279,0.301
06/29/1984,1.21,1.23,1.296,0.063,-0.251,0.322
07/06/1984,1.198,1.236,1.271,0.12,-0.22,0.343
07/13/1984,1.156,1.177,1.217,0.178,-0.187,0.363
07/20/1984,1.091,1.065,1.14,0.234,-0.153,0.382
07/27/1984,1.009,0.92,1.046,0.286,-0.118,0.401
08/03/1984,0.918,0.771,0.944,0.333,-0.081,0.418
08/10/1984,0.825,0.644,0.841,0.374,-0.045,0.435
08/17/1984,0.735,0.552,0.743,0.409,-0.007,0.451
08/24/1984,0.651,0.49,0.652,0.436,0.03,0.466
08/31/1984,0.573,0.449,0.567,0.456,0.066,0.48
09/07/1984,0.503,0.418,0.492,0.47,0.101,0.494
09/14/1984,0.439,0.386,0.423,0.477,0.135,0.506
09/21/1984,0.379,0.347,0.357,0.479,0.165,0.518
09/28/1984,0.321,0.301,0.295,0.476,0.191,0.529
10/05/1984,0.265,0.251,0.234,0.467,0.212,0.54
10/12/1984,0.21,0.197,0.174,0.455,0.229,0.55
10/19/1984,0.156,0.139,0.115,0.438,0.239,0.56
10/26/1984,0.104,0.079,0.06,0.417,0.243,0.57
11/02/1984,0.056,0.019,0.009,0.392,0.241,0.58
11/09/1984,0.01,-0.039,-0.038,0.362,0.233,0.589
11/16/1984,-0.035,-0.093,-0.081,0.329,0.219,0.599
11/23/1984,-0.077,-0.138,-0.12,0.291,0.201,0.608
11/30/1984,-0.119,-0.176,-0.158,0.25,0.18,0.617
12/07/1984,-0.16,-0.206,-0.192,0.207,0.155,0.626
12/14/1984,-0.202,-0.234,-0.225,0.162,0.129,0.636
12/21/1984,-0.243,-0.267,-0.257,0.117,0.102,0.645
12/28/1984,-0.283,-0.304,-0.286,0.074,0.075,0.654
01/04/1985,-0.32,-0.346,-0.313,0.032,0.05,0.663
01/11/1985,-0.352,-0.389,-0.336,-0.005,0.026,0.672
01/18/1985,-0.376,-0.421,-0.351,-0.038,0.006,0.681
01/25/1985,-0.39,-0.438,-0.358,-0.064,-0.011,0.69
02/01/1985,-0.393,-0.437,-0.356,-0.083,-0.023,0.698
02/08/1985,-0.386,-0.42,-0.347,-0.095,-0.032,0.706
02/15/1985,-0.372,-0.392,-0.331,-0.1,-0.035,0.713
02/22/1985,-0.352,-0.36,-0.313,-0.098,-0.034,0.72
03/01/1985,-0.329,-0.328,-0.295,-0.088,-0.029,0.726
03/08/1985,-0.307,-0.298,-0.281,-0.073,-0.021,0.732
03/15/1985,-0.29,-0.271,-0.272,-0.053,-0.01,0.737
03/22/1985,-0.278,-0.249,-0.27,-0.029,0.003,0.741
03/29/1985,-0.273,-0.236,-0.277,-0.002,0.015,0.745
04/05/1985,-0.277,-0.239,-0.293,0.024,0.027,0.747
04/12/1985,-0.29,-0.26,-0.317,0.049,0.037,0.749
04/19/1985,-0.311,-0.3,-0.347,0.071,0.044,0.751
04/26/1985,-0.338,-0.352,-0.381,0.088,0.049,0.752
05/03/1985,-0.367,-0.408,-0.414,0.099,0.052,0.752
05/10/1985,-0.398,-0.46,-0.447,0.102,0.052,0.752
05/17/1985,-0.425,-0.496,-0.472,0.098,0.05,0.751
05/24/1985,-0.448,-0.511,-0.49,0.084,0.047,0.75
05/31/1985,-0.463,-0.503,-0.498,0.063,0.043,0.748
06/07/1985,-0.471,-0.471,-0.495,0.034,0.039,0.747
06/14/1985,-0.47,-0.419,-0.481,-0.001,0.035,0.745
06/21/1985,-0.46,-0.353,-0.458,-0.041,0.031,0.744
06/28/1985,-0.443,-0.279,-0.427,-0.084,0.027,0.743
07/05/1985,-0.419,-0.205,-0.391,-0.128,0.023,0.742
07/12/1985,-0.39,-0.139,-0.352,-0.173,0.019,0.743
07/19/1985,-0.357,-0.078,-0.31,-0.215,0.015,0.744
07/26/1985,-0.32,-0.022,-0.267,-0.254,0.008,0.746
08/02/1985,-0.282,0.033,-0.225,-0.288,0,0.75
08/09/1985,-0.244,0.089,-0.185,-0.318,-0.01,0.754
08/16/1985,-0.208,0.145,-0.148,-0.343,-0.024,0.76
08/23/1985,-0.176,0.199,-0.116,-0.363,-0.04,0.767
08/30/1985,-0.15,0.246,-0.09,-0.379,-0.06,0.775
09/06/1985,-0.133,0.283,-0.072,-0.39,-0.084,0.784
09/13/1985,-0.126,0.304,-0.064,-0.397,-0.11,0.794
09/20/1985,-0.131,0.307,-0.067,-0.4,-0.138,0.804
09/27/1985,-0.147,0.291,-0.08,-0.4,-0.169,0.814
10/04/1985,-0.173,0.257,-0.104,-0.398,-0.2,0.824
10/11/1985,-0.205,0.206,-0.135,-0.393,-0.231,0.834
10/18/1985,-0.24,0.144,-0.17,-0.387,-0.261,0.843
10/25/1985,-0.274,0.081,-0.206,-0.38,-0.29,0.851
11/01/1985,-0.304,0.029,-0.237,-0.372,-0.316,0.858
11/08/1985,-0.326,-0.002,-0.262,-0.366,-0.339,0.863
11/15/1985,-0.338,-0.006,-0.278,-0.361,-0.36,0.867
11/22/1985,-0.341,0.015,-0.282,-0.357,-0.377,0.869
11/29/1985,-0.334,0.052,-0.277,-0.356,-0.39,0.87
12/06/1985,-0.321,0.094,-0.263,-0.358,-0.401,0.869
12/13/1985,-0.305,0.129,-0.244,-0.363,-0.408,0.866
12/20/1985,-0.287,0.15,-0.223,-0.37,-0.413,0.862
12/27/1985,-0.271,0.158,-0.202,-0.38,-0.414,0.858
01/03/1986,-0.26,0.152,-0.185,-0.392,-0.413,0.852
01/10/1986,-0.253,0.134,-0.174,-0.405,-0.41,0.845
01/17/1986,-0.252,0.104,-0.168,-0.419,-0.404,0.838
01/24/1986,-0.256,0.06,-0.17,-0.434,-0.397,0.831
01/31/1986,-0.265,0.004,-0.178,-0.448,-0.388,0.824
02/07/1986,-0.276,-0.057,-0.189,-0.462,-0.379,0.817
02/14/1986,-0.287,-0.109,-0.202,-0.475,-0.369,0.81
02/21/1986,-0.297,-0.141,-0.215,-0.488,-0.359,0.803
02/28/1986,-0.305,-0.148,-0.227,-0.501,-0.349,0.797
03/07/1986,-0.313,-0.13,-0.236,-0.513,-0.34,0.791
03/14/1986,-0.321,-0.1,-0.245,-0.526,-0.331,0.785
03/21/1986,-0.33,-0.074,-0.253,-0.539,-0.324,0.78
03/28/1986,-0.342,-0.062,-0.263,-0.551,-0.318,0.776
04/04/1986,-0.359,-0.07,-0.275,-0.563,-0.313,0.772
04/11/1986,-0.38,-0.092,-0.29,-0.575,-0.307,0.768
04/18/1986,-0.404,-0.116,-0.306,-0.584,-0.301,0.765
04/25/1986,-0.428,-0.135,-0.323,-0.592,-0.294,0.762
05/02/1986,-0.45,-0.138,-0.339,-0.596,-0.284,0.76
05/09/1986,-0.468,-0.124,-0.353,-0.595,-0.27,0.758
05/16/1986,-0.479,-0.096,-0.365,-0.589,-0.253,0.757
05/23/1986,-0.484,-0.055,-0.373,-0.578,-0.232,0.756
05/30/1986,-0.482,-0.002,-0.379,-0.562,-0.207,0.756
06/06/1986,-0.475,0.059,-0.382,-0.542,-0.177,0.756
06/13/1986,-0.465,0.124,-0.386,-0.519,-0.144,0.757
06/20/1986,-0.456,0.183,-0.39,-0.494,-0.107,0.758
06/27/1986,-0.45,0.224,-0.399,-0.469,-0.069,0.76
07/04/1986,-0.451,0.241,-0.413,-0.446,-0.028,0.763
07/11/1986,-0.46,0.233,-0.432,-0.427,0.014,0.767
07/18/1986,-0.476,0.2,-0.456,-0.412,0.056,0.771
07/25/1986,-0.498,0.149,-0.482,-0.403,0.099,0.777
08/01/1986,-0.524,0.088,-0.509,-0.4,0.143,0.784
08/08/1986,-0.549,0.028,-0.532,-0.401,0.186,0.792
08/15/1986,-0.571,-0.027,-0.55,-0.407,0.23,0.801
08/22/1986,-0.587,-0.065,-0.559,-0.416,0.273,0.812
08/29/1986,-0.594,-0.08,-0.559,-0.426,0.316,0.824
09/05/1986,-0.593,-0.071,-0.55,-0.436,0.358,0.837
09/12/1986,-0.583,-0.041,-0.534,-0.444,0.399,0.851
09/19/1986,-0.571,-0.005,-0.514,-0.448,0.439,0.865
09/26/1986,-0.558,0.026,-0.496,-0.447,0.476,0.881
10/03/1986,-0.547,0.04,-0.48,-0.441,0.512,0.897
10/10/1986,-0.541,0.03,-0.471,-0.429,0.545,0.913
10/17/1986,-0.54,-0.001,-0.468,-0.411,0.575,0.928
10/24/1986,-0.542,-0.043,-0.47,-0.388,0.602,0.944
10/31/1986,-0.547,-0.089,-0.477,-0.361,0.624,0.958
11/07/1986,-0.552,-0.129,-0.488,-0.331,0.642,0.972
11/14/1986,-0.557,-0.16,-0.498,-0.3,0.655,0.985
11/21/1986,-0.558,-0.174,-0.507,-0.268,0.662,0.997
11/28/1986,-0.555,-0.172,-0.514,-0.237,0.662,1.008
12/05/1986,-0.549,-0.152,-0.517,-0.208,0.655,1.017
12/12/1986,-0.539,-0.118,-0.517,-0.181,0.64,1.026
12/19/1986,-0.527,-0.074,-0.514,-0.157,0.619,1.032
12/26/1986,-0.515,-0.03,-0.51,-0.137,0.59,1.038
01/02/1987,-0.506,-0.002,-0.506,-0.121,0.556,1.042
01/09/1987,-0.498,0.006,-0.501,-0.108,0.516,1.044
01/16/1987,-0.494,-0.007,-0.496,-0.1,0.471,1.045
01/23/1987,-0.492,-0.036,-0.488,-0.097,0.424,1.044
01/30/1987,-0.491,-0.071,-0.477,-0.098,0.376,1.042
02/06/1987,-0.489,-0.105,-0.459,-0.102,0.326,1.039
02/13/1987,-0.481,-0.132,-0.433,-0.111,0.278,1.034
02/20/1987,-0.465,-0.152,-0.394,-0.123,0.232,1.027
02/27/1987,-0.44,-0.167,-0.343,-0.137,0.188,1.02
03/06/1987,-0.401,-0.172,-0.275,-0.154,0.147,1.011
03/13/1987,-0.345,-0.155,-0.187,-0.172,0.11,1.001
03/20/1987,-0.27,-0.105,-0.079,-0.19,0.075,0.99
03/27/1987,-0.177,-0.016,0.048,-0.208,0.044,0.979
04/03/1987,-0.066,0.115,0.191,-0.225,0.016,0.968
04/10/1987,0.055,0.278,0.345,-0.24,-0.009,0.957
04/17/1987,0.183,0.466,0.503,-0.252,-0.032,0.946
04/24/1987,0.306,0.661,0.654,-0.26,-0.052,0.935
05/01/1987,0.415,0.847,0.787,-0.265,-0.07,0.925
05/08/1987,0.507,1.015,0.898,-0.266,-0.087,0.916
05/15/1987,0.572,1.144,0.978,-0.264,-0.101,0.907
05/22/1987,0.612,1.225,1.026,-0.259,-0.114,0.9
05/29/1987,0.619,1.243,1.037,-0.253,-0.124,0.893
06/05/1987,0.6,1.205,1.015,-0.245,-0.132,0.887
06/12/1987,0.558,1.125,0.966,-0.238,-0.135,0.883
06/19/1987,0.496,1.019,0.893,-0.233,-0.134,0.879
06/26/1987,0.422,0.909,0.805,-0.23,-0.128,0.877
07/03/1987,0.342,0.803,0.71,-0.231,-0.113,0.875
07/10/1987,0.261,0.7,0.613,-0.235,-0.09,0.874
07/17/1987,0.183,0.59,0.521,-0.243,-0.056,0.874
07/24/1987,0.11,0.47,0.439,-0.254,-0.01,0.875
07/31/1987,0.049,0.347,0.374,-0.267,0.048,0.877
08/07/1987,0.006,0.243,0.332,-0.281,0.12,0.879
08/14/1987,-0.015,0.172,0.318,-0.294,0.205,0.882
08/21/1987,-0.005,0.157,0.338,-0.305,0.302,0.885
08/28/1987,0.038,0.197,0.395,-0.312,0.411,0.889
09/04/1987,0.115,0.289,0.488,-0.314,0.529,0.894
09/11/1987,0.22,0.42,0.611,-0.31,0.653,0.898
09/18/1987,0.348,0.59,0.757,-0.299,0.78,0.903
09/25/1987,0.49,0.797,0.916,-0.281,0.907,0.908
10/02/1987,0.641,1.038,1.081,-0.257,1.028,0.913
10/09/1987,0.786,1.284,1.238,-0.229,1.139,0.917
10/16/1987,0.916,1.502,1.377,-0.198,1.236,0.922
10/23/1987,1.024,1.659,1.489,-0.166,1.315,0.926
10/30/1987,1.101,1.728,1.567,-0.134,1.372,0.93
11/06/1987,1.141,1.711,1.607,-0.106,1.408,0.933
11/13/1987,1.152,1.648,1.615,-0.082,1.421,0.935
11/20/1987,1.14,1.577,1.598,-0.063,1.411,0.937
11/27/1987,1.108,1.52,1.557,-0.049,1.381,0.939
12/04/1987,1.06,1.486,1.499,-0.039,1.332,0.94
12/11/1987,0.996,1.446,1.419,-0.033,1.266,0.94
12/18/1987,0.919,1.387,1.325,-0.03,1.188,0.94
12/25/1987,0.832,1.291,1.217,-0.028,1.099,0.94
01/01/1988,0.737,1.162,1.099,-0.028,1.003,0.939
01/08/1988,0.639,1.018,0.975,-0.028,0.903,0.938
01/15/1988,0.543,0.882,0.853,-0.03,0.801,0.937
01/22/1988,0.45,0.76,0.735,-0.031,0.7,0.935
01/29/1988,0.363,0.653,0.624,-0.034,0.601,0.934
02/05/1988,0.285,0.556,0.526,-0.038,0.508,0.933
02/12/1988,0.219,0.466,0.445,-0.043,0.421,0.932
02/19/1988,0.169,0.387,0.383,-0.049,0.343,0.931
02/26/1988,0.134,0.325,0.34,-0.057,0.273,0.931
03/04/1988,0.114,0.289,0.316,-0.066,0.213,0.931
03/11/1988,0.108,0.284,0.31,-0.076,0.163,0.931
03/18/1988,0.116,0.307,0.32,-0.086,0.123,0.931
03/25/1988,0.132,0.345,0.34,-0.096,0.093,0.932
04/01/1988,0.157,0.393,0.369,-0.105,0.071,0.933
04/08/1988,0.185,0.441,0.401,-0.113,0.058,0.934
04/15/1988,0.211,0.483,0.432,-0.121,0.051,0.936
04/22/1988,0.233,0.519,0.458,-0.127,0.05,0.938
04/29/1988,0.248,0.544,0.476,-0.132,0.054,0.94
05/06/1988,0.255,0.557,0.487,-0.137,0.062,0.942
05/13/1988,0.257,0.559,0.493,-0.142,0.072,0.945
05/20/1988,0.257,0.552,0.496,-0.146,0.084,0.947
05/27/1988,0.256,0.542,0.5,-0.151,0.097,0.95
06/03/1988,0.259,0.54,0.509,-0.156,0.109,0.952
06/10/1988,0.267,0.548,0.523,-0.162,0.122,0.954
06/17/1988,0.281,0.569,0.544,-0.168,0.133,0.956
06/24/1988,0.303,0.601,0.574,-0.174,0.142,0.958
07/01/1988,0.33,0.64,0.61,-0.18,0.15,0.96
07/08/1988,0.36,0.677,0.648,-0.185,0.155,0.961
07/15/1988,0.388,0.71,0.684,-0.189,0.158,0.962
07/22/1988,0.413,0.736,0.715,-0.191,0.158,0.962
07/29/1988,0.429,0.751,0.735,-0.19,0.156,0.961
08/05/1988,0.436,0.754,0.743,-0.185,0.151,0.961
08/12/1988,0.433,0.737,0.737,-0.177,0.144,0.959
08/19/1988,0.42,0.696,0.717,-0.166,0.135,0.957
08/26/1988,0.398,0.63,0.684,-0.151,0.124,0.955
09/02/1988,0.37,0.549,0.641,-0.133,0.113,0.952
09/09/1988,0.338,0.464,0.593,-0.114,0.101,0.948
09/16/1988,0.306,0.391,0.543,-0.094,0.088,0.945
09/23/1988,0.278,0.336,0.498,-0.075,0.076,0.941
09/30/1988,0.254,0.299,0.457,-0.057,0.064,0.937
10/07/1988,0.233,0.273,0.423,-0.043,0.054,0.934
10/14/1988,0.215,0.248,0.395,-0.031,0.044,0.93
10/21/1988,0.2,0.221,0.372,-0.023,0.035,0.927
10/28/1988,0.186,0.193,0.354,-0.017,0.028,0.925
11/04/1988,0.175,0.171,0.341,-0.012,0.022,0.923
11/11/1988,0.167,0.161,0.331,-0.009,0.017,0.921
11/18/1988,0.16,0.161,0.322,-0.006,0.013,0.921
11/25/1988,0.155,0.168,0.315,-0.001,0.011,0.921
12/02/1988,0.151,0.174,0.307,0.005,0.01,0.922
12/09/1988,0.148,0.176,0.298,0.012,0.01,0.923
12/16/1988,0.144,0.173,0.289,0.021,0.01,0.925
12/23/1988,0.142,0.17,0.28,0.031,0.011,0.928
12/30/1988,0.141,0.17,0.274,0.042,0.011,0.931
01/06/1989,0.144,0.176,0.272,0.054,0.011,0.935
01/13/1989,0.151,0.187,0.278,0.066,0.011,0.939
01/20/1989,0.164,0.2,0.294,0.077,0.009,0.943
01/27/1989,0.188,0.222,0.324,0.088,0.006,0.947
02/03/1989,0.224,0.26,0.37,0.099,0.001,0.95
02/10/1989,0.274,0.326,0.432,0.111,-0.005,0.954
02/17/1989,0.337,0.427,0.508,0.123,-0.013,0.957
02/24/1989,0.409,0.556,0.593,0.136,-0.021,0.96
03/03/1989,0.487,0.704,0.682,0.151,-0.029,0.962
03/10/1989,0.562,0.848,0.766,0.167,-0.037,0.964
03/17/1989,0.63,0.971,0.838,0.184,-0.044,0.965
03/24/1989,0.684,1.059,0.89,0.202,-0.05,0.966
03/31/1989,0.717,1.106,0.916,0.219,-0.055,0.966
04/07/1989,0.727,1.114,0.916,0.237,-0.058,0.965
04/14/1989,0.713,1.087,0.888,0.253,-0.059,0.964
04/21/1989,0.674,1.025,0.835,0.267,-0.059,0.963
04/28/1989,0.62,0.935,0.766,0.28,-0.058,0.961
05/05/1989,0.553,0.819,0.685,0.29,-0.055,0.959
05/12/1989,0.484,0.689,0.603,0.299,-0.052,0.956
05/19/1989,0.418,0.561,0.524,0.307,-0.049,0.953
05/26/1989,0.362,0.457,0.457,0.315,-0.045,0.95
06/02/1989,0.32,0.391,0.403,0.323,-0.041,0.947
06/09/1989,0.292,0.367,0.364,0.33,-0.038,0.945
06/16/1989,0.275,0.375,0.336,0.338,-0.034,0.942
06/23/1989,0.264,0.394,0.315,0.346,-0.031,0.94
06/30/1989,0.255,0.399,0.297,0.355,-0.028,0.938
07/07/1989,0.245,0.378,0.279,0.362,-0.024,0.936
07/14/1989,0.232,0.326,0.26,0.37,-0.021,0.935
07/21/1989,0.218,0.259,0.242,0.377,-0.017,0.935
07/28/1989,0.206,0.198,0.228,0.384,-0.012,0.936
08/04/1989,0.199,0.162,0.221,0.391,-0.007,0.937
08/11/1989,0.201,0.164,0.225,0.399,0,0.939
08/18/1989,0.214,0.203,0.239,0.408,0.01,0.942
08/25/1989,0.236,0.272,0.263,0.419,0.021,0.945
09/01/1989,0.267,0.359,0.295,0.431,0.035,0.949
09/08/1989,0.302,0.452,0.328,0.446,0.051,0.953
09/15/1989,0.335,0.54,0.359,0.462,0.07,0.958
09/22/1989,0.362,0.613,0.38,0.48,0.091,0.962
09/29/1989,0.379,0.664,0.388,0.499,0.115,0.966
10/06/1989,0.382,0.685,0.38,0.518,0.14,0.969
10/13/1989,0.369,0.668,0.354,0.537,0.167,0.972
10/20/1989,0.341,0.619,0.312,0.554,0.195,0.973
10/27/1989,0.3,0.544,0.256,0.57,0.223,0.973
11/03/1989,0.25,0.457,0.191,0.585,0.252,0.972
11/10/1989,0.197,0.373,0.123,0.597,0.28,0.97
11/17/1989,0.146,0.301,0.058,0.608,0.308,0.965
11/24/1989,0.1,0.247,-0,0.617,0.335,0.96
12/01/1989,0.064,0.208,-0.046,0.624,0.36,0.953
12/08/1989,0.038,0.179,-0.079,0.63,0.384,0.945
12/15/1989,0.024,0.159,-0.098,0.636,0.404,0.935
12/22/1989,0.02,0.146,-0.104,0.641,0.421,0.925
12/29/1989,0.024,0.137,-0.1,0.646,0.434,0.915
01/05/1990,0.034,0.135,-0.09,0.652,0.442,0.904
01/12/1990,0.046,0.135,-0.078,0.66,0.445,0.893
01/19/1990,0.055,0.129,-0.068,0.671,0.441,0.883
01/26/1990,0.063,0.115,-0.062,0.683,0.431,0.874
02/02/1990,0.065,0.087,-0.063,0.698,0.415,0.866
02/09/1990,0.062,0.048,-0.071,0.714,0.393,0.859
02/16/1990,0.057,0.003,-0.082,0.731,0.364,0.853
02/23/1990,0.05,-0.04,-0.094,0.748,0.33,0.849
03/02/1990,0.046,-0.076,-0.104,0.763,0.292,0.847
03/09/1990,0.045,-0.102,-0.109,0.776,0.25,0.846
03/16/1990,0.051,-0.114,-0.107,0.786,0.207,0.846
03/23/1990,0.062,-0.113,-0.099,0.794,0.162,0.847
03/30/1990,0.076,-0.1,-0.086,0.799,0.119,0.849
04/06/1990,0.093,-0.074,-0.07,0.801,0.078,0.852
04/13/1990,0.105,-0.042,-0.059,0.801,0.043,0.855
04/20/1990,0.112,-0.009,-0.054,0.799,0.014,0.858
04/27/1990,0.109,0.013,-0.058,0.796,-0.007,0.86
05/04/1990,0.094,0.014,-0.076,0.792,-0.017,0.862
05/11/1990,0.069,-0.011,-0.105,0.786,-0.016,0.864
05/18/1990,0.034,-0.058,-0.145,0.78,-0.004,0.864
05/25/1990,-0.007,-0.117,-0.191,0.773,0.021,0.864
06/01/1990,-0.05,-0.176,-0.24,0.766,0.058,0.862
06/08/1990,-0.09,-0.222,-0.286,0.759,0.105,0.86
06/15/1990,-0.123,-0.253,-0.325,0.753,0.162,0.856
06/22/1990,-0.146,-0.269,-0.355,0.749,0.227,0.851
06/29/1990,-0.157,-0.272,-0.371,0.748,0.297,0.845
07/06/1990,-0.153,-0.262,-0.374,0.751,0.371,0.838
07/13/1990,-0.138,-0.238,-0.365,0.758,0.446,0.83
07/20/1990,-0.111,-0.196,-0.342,0.77,0.518,0.822
07/27/1990,-0.074,-0.136,-0.31,0.788,0.586,0.812
08/03/1990,-0.03,-0.065,-0.269,0.81,0.648,0.802
08/10/1990,0.02,0.009,-0.22,0.839,0.701,0.792
08/17/1990,0.073,0.077,-0.17,0.872,0.745,0.781
08/24/1990,0.128,0.139,-0.117,0.909,0.777,0.769
08/31/1990,0.182,0.2,-0.064,0.95,0.799,0.758
09/07/1990,0.235,0.271,-0.013,0.993,0.808,0.745
09/14/1990,0.287,0.355,0.034,1.038,0.806,0.733
09/21/1990,0.334,0.448,0.077,1.083,0.793,0.72
09/28/1990,0.377,0.54,0.114,1.129,0.769,0.707
10/05/1990,0.41,0.605,0.139,1.174,0.736,0.694
10/12/1990,0.434,0.637,0.154,1.216,0.694,0.679
10/19/1990,0.448,0.636,0.16,1.255,0.644,0.665
10/26/1990,0.453,0.611,0.156,1.291,0.588,0.65
11/02/1990,0.454,0.579,0.15,1.32,0.527,0.634
11/09/1990,0.453,0.554,0.144,1.343,0.461,0.617
11/16/1990,0.453,0.54,0.141,1.359,0.391,0.599
11/23/1990,0.457,0.539,0.145,1.367,0.319,0.58
11/30/1990,0.468,0.551,0.158,1.366,0.245,0.561
12/07/1990,0.481,0.572,0.176,1.356,0.17,0.54
12/14/1990,0.496,0.608,0.198,1.338,0.095,0.518
12/21/1990,0.511,0.659,0.222,1.312,0.021,0.496
12/28/1990,0.518,0.71,0.238,1.278,-0.053,0.472
01/04/1991,0.51,0.74,0.24,1.239,-0.124,0.447
01/11/1991,0.489,0.735,0.227,1.194,-0.193,0.421
01/18/1991,0.45,0.68,0.194,1.146,-0.258,0.394
01/25/1991,0.391,0.573,0.141,1.094,-0.319,0.367
02/01/1991,0.323,0.444,0.078,1.04,-0.375,0.338
02/08/1991,0.248,0.313,0.007,0.985,-0.426,0.308
02/15/1991,0.173,0.206,-0.063,0.929,-0.471,0.278
02/22/1991,0.101,0.131,-0.129,0.873,-0.509,0.246
03/01/1991,0.037,0.082,-0.187,0.818,-0.54,0.214
03/08/1991,-0.021,0.044,-0.239,0.765,-0.565,0.181
03/15/1991,-0.071,0.007,-0.282,0.715,-0.583,0.148
03/22/1991,-0.113,-0.034,-0.318,0.669,-0.596,0.113
03/29/1991,-0.149,-0.077,-0.348,0.627,-0.603,0.079
04/05/1991,-0.179,-0.111,-0.37,0.59,-0.605,0.044
04/12/1991,-0.203,-0.132,-0.388,0.556,-0.603,0.009
04/19/1991,-0.222,-0.143,-0.4,0.526,-0.598,-0.026
04/26/1991,-0.236,-0.147,-0.407,0.5,-0.59,-0.061
05/03/1991,-0.244,-0.149,-0.408,0.477,-0.58,-0.095
05/10/1991,-0.248,-0.151,-0.405,0.457,-0.568,-0.129
05/17/1991,-0.246,-0.149,-0.397,0.439,-0.555,-0.163
05/24/1991,-0.242,-0.141,-0.387,0.423,-0.541,-0.195
05/31/1991,-0.237,-0.127,-0.377,0.408,-0.526,-0.227
06/07/1991,-0.235,-0.113,-0.37,0.394,-0.51,-0.258
06/14/1991,-0.239,-0.109,-0.37,0.381,-0.494,-0.289
06/21/1991,-0.25,-0.128,-0.379,0.37,-0.477,-0.318
06/28/1991,-0.27,-0.173,-0.399,0.36,-0.46,-0.346
07/05/1991,-0.299,-0.243,-0.429,0.35,-0.443,-0.373
07/12/1991,-0.335,-0.325,-0.466,0.342,-0.426,-0.399
07/19/1991,-0.375,-0.406,-0.51,0.334,-0.41,-0.424
07/26/1991,-0.416,-0.474,-0.555,0.328,-0.393,-0.447
08/02/1991,-0.453,-0.524,-0.599,0.323,-0.378,-0.469
08/09/1991,-0.486,-0.556,-0.638,0.318,-0.363,-0.489
08/16/1991,-0.511,-0.575,-0.67,0.313,-0.348,-0.509
08/23/1991,-0.529,-0.588,-0.696,0.309,-0.335,-0.527
08/30/1991,-0.542,-0.598,-0.715,0.304,-0.324,-0.543
09/06/1991,-0.549,-0.604,-0.727,0.298,-0.314,-0.559
09/13/1991,-0.555,-0.608,-0.737,0.291,-0.306,-0.574
09/20/1991,-0.558,-0.608,-0.743,0.283,-0.301,-0.589
09/27/1991,-0.562,-0.604,-0.746,0.273,-0.298,-0.603
10/04/1991,-0.565,-0.601,-0.747,0.261,-0.297,-0.617
10/11/1991,-0.569,-0.604,-0.749,0.249,-0.298,-0.631
10/18/1991,-0.575,-0.61,-0.751,0.235,-0.302,-0.645
10/25/1991,-0.582,-0.621,-0.754,0.222,-0.308,-0.66
11/01/1991,-0.591,-0.631,-0.759,0.209,-0.315,-0.675
11/08/1991,-0.6,-0.638,-0.766,0.198,-0.325,-0.691
11/15/1991,-0.61,-0.641,-0.774,0.189,-0.337,-0.708
11/22/1991,-0.62,-0.644,-0.784,0.182,-0.351,-0.726
11/29/1991,-0.63,-0.652,-0.794,0.177,-0.368,-0.744
12/06/1991,-0.64,-0.67,-0.804,0.172,-0.388,-0.764
12/13/1991,-0.65,-0.697,-0.813,0.166,-0.41,-0.784
12/20/1991,-0.658,-0.723,-0.818,0.159,-0.435,-0.804
12/27/1991,-0.665,-0.743,-0.818,0.149,-0.461,-0.825
01/03/1992,-0.667,-0.75,-0.812,0.136,-0.487,-0.846
01/10/1992,-0.667,-0.744,-0.801,0.118,-0.513,-0.867
01/17/1992,-0.664,-0.73,-0.785,0.097,-0.538,-0.887
01/24/1992,-0.661,-0.717,-0.767,0.073,-0.561,-0.907
01/31/1992,-0.658,-0.713,-0.75,0.048,-0.581,-0.926
02/07/1992,-0.656,-0.716,-0.733,0.022,-0.599,-0.945
02/14/1992,-0.655,-0.724,-0.72,-0.003,-0.613,-0.962
02/21/1992,-0.655,-0.73,-0.71,-0.027,-0.623,-0.978
02/28/1992,-0.656,-0.732,-0.704,-0.048,-0.63,-0.993
03/06/1992,-0.659,-0.731,-0.704,-0.066,-0.635,-1.007
03/13/1992,-0.664,-0.73,-0.707,-0.082,-0.637,-1.02
03/20/1992,-0.672,-0.736,-0.716,-0.096,-0.638,-1.032
03/27/1992,-0.684,-0.752,-0.731,-0.108,-0.639,-1.042
04/03/1992,-0.7,-0.775,-0.749,-0.12,-0.64,-1.051
04/10/1992,-0.719,-0.803,-0.772,-0.131,-0.643,-1.06
04/17/1992,-0.74,-0.832,-0.796,-0.143,-0.649,-1.067
04/24/1992,-0.762,-0.858,-0.82,-0.154,-0.658,-1.073
05/01/1992,-0.785,-0.883,-0.845,-0.164,-0.67,-1.079
05/08/1992,-0.806,-0.905,-0.868,-0.175,-0.685,-1.084
05/15/1992,-0.826,-0.923,-0.889,-0.185,-0.702,-1.088
05/22/1992,-0.844,-0.939,-0.909,-0.194,-0.722,-1.092
05/29/1992,-0.86,-0.95,-0.926,-0.202,-0.742,-1.095
06/05/1992,-0.875,-0.957,-0.941,-0.208,-0.762,-1.098
06/12/1992,-0.889,-0.963,-0.957,-0.213,-0.78,-1.101
06/19/1992,-0.903,-0.972,-0.972,-0.216,-0.796,-1.104
06/26/1992,-0.915,-0.986,-0.986,-0.218,-0.808,-1.106
07/03/1992,-0.926,-1.002,-0.999,-0.218,-0.814,-1.109
07/10/1992,-0.933,-1.017,-1.01,-0.216,-0.815,-1.112
07/17/1992,-0.938,-1.027,-1.019,-0.213,-0.809,-1.115
07/24/1992,-0.94,-1.027,-1.026,-0.208,-0.797,-1.118
07/31/1992,-0.938,-1.017,-1.029,-0.202,-0.782,-1.121
08/07/1992,-0.933,-1.001,-1.03,-0.194,-0.763,-1.125
08/14/1992,-0.925,-0.984,-1.027,-0.185,-0.743,-1.128
08/21/1992,-0.913,-0.969,-1.02,-0.175,-0.725,-1.132
08/28/1992,-0.898,-0.955,-1.008,-0.165,-0.71,-1.137
09/04/1992,-0.88,-0.939,-0.988,-0.155,-0.701,-1.141
09/11/1992,-0.858,-0.917,-0.962,-0.146,-0.698,-1.145
09/18/1992,-0.833,-0.885,-0.926,-0.141,-0.702,-1.149
09/25/1992,-0.804,-0.842,-0.883,-0.138,-0.714,-1.153
10/02/1992,-0.773,-0.794,-0.835,-0.138,-0.731,-1.157
10/09/1992,-0.742,-0.748,-0.786,-0.141,-0.752,-1.16
10/16/1992,-0.715,-0.709,-0.74,-0.147,-0.777,-1.163
10/23/1992,-0.694,-0.678,-0.703,-0.153,-0.803,-1.166
10/30/1992,-0.682,-0.656,-0.679,-0.16,-0.831,-1.167
11/06/1992,-0.681,-0.647,-0.67,-0.166,-0.859,-1.168
11/13/1992,-0.689,-0.65,-0.675,-0.172,-0.886,-1.168
11/20/1992,-0.707,-0.67,-0.697,-0.176,-0.913,-1.167
11/27/1992,-0.735,-0.712,-0.731,-0.18,-0.941,-1.165
12/04/1992,-0.77,-0.775,-0.775,-0.182,-0.969,-1.163
12/11/1992,-0.808,-0.85,-0.824,-0.185,-0.998,-1.159
12/18/1992,-0.846,-0.925,-0.872,-0.187,-1.029,-1.156
12/25/1992,-0.881,-0.989,-0.915,-0.189,-1.061,-1.151
01/01/1993,-0.91,-1.034,-0.95,-0.192,-1.094,-1.146
01/08/1993,-0.931,-1.059,-0.975,-0.195,-1.128,-1.141
01/15/1993,-0.946,-1.07,-0.992,-0.198,-1.162,-1.135
01/22/1993,-0.955,-1.072,-1.002,-0.2,-1.195,-1.13
01/29/1993,-0.959,-1.071,-1.006,-0.201,-1.227,-1.125
02/05/1993,-0.959,-1.069,-1.005,-0.202,-1.257,-1.119
02/12/1993,-0.959,-1.065,-1.003,-0.202,-1.283,-1.115
02/19/1993,-0.957,-1.059,-1,-0.202,-1.307,-1.11
02/26/1993,-0.958,-1.053,-0.998,-0.203,-1.327,-1.106
03/05/1993,-0.96,-1.048,-0.996,-0.205,-1.342,-1.102
03/12/1993,-0.964,-1.043,-0.996,-0.209,-1.35,-1.099
03/19/1993,-0.969,-1.041,-0.998,-0.215,-1.351,-1.096
03/26/1993,-0.976,-1.04,-1.001,-0.222,-1.343,-1.093
04/02/1993,-0.983,-1.038,-1.005,-0.231,-1.325,-1.091
04/09/1993,-0.989,-1.037,-1.011,-0.242,-1.298,-1.088
04/16/1993,-0.994,-1.036,-1.018,-0.252,-1.263,-1.086
04/23/1993,-0.995,-1.037,-1.024,-0.263,-1.221,-1.084
04/30/1993,-0.995,-1.043,-1.03,-0.274,-1.176,-1.082
05/07/1993,-0.992,-1.048,-1.034,-0.283,-1.133,-1.079
05/14/1993,-0.987,-1.052,-1.037,-0.292,-1.095,-1.077
05/21/1993,-0.984,-1.056,-1.039,-0.299,-1.066,-1.074
05/28/1993,-0.982,-1.058,-1.041,-0.306,-1.048,-1.071
06/04/1993,-0.985,-1.061,-1.045,-0.313,-1.044,-1.067
06/11/1993,-0.992,-1.071,-1.051,-0.319,-1.053,-1.064
06/18/1993,-1.005,-1.087,-1.06,-0.324,-1.074,-1.06
06/25/1993,-1.02,-1.109,-1.07,-0.33,-1.105,-1.055
07/02/1993,-1.038,-1.132,-1.082,-0.334,-1.141,-1.051
07/09/1993,-1.055,-1.153,-1.095,-0.337,-1.179,-1.047
07/16/1993,-1.071,-1.167,-1.108,-0.337,-1.217,-1.042
07/23/1993,-1.084,-1.175,-1.121,-0.335,-1.25,-1.037
07/30/1993,-1.092,-1.178,-1.131,-0.33,-1.278,-1.032
08/06/1993,-1.097,-1.179,-1.14,-0.322,-1.299,-1.028
08/13/1993,-1.098,-1.181,-1.146,-0.311,-1.312,-1.023
08/20/1993,-1.096,-1.182,-1.149,-0.299,-1.315,-1.018
08/27/1993,-1.091,-1.18,-1.15,-0.286,-1.31,-1.013
09/03/1993,-1.084,-1.174,-1.147,-0.274,-1.295,-1.009
09/10/1993,-1.075,-1.161,-1.141,-0.263,-1.27,-1.004
09/17/1993,-1.063,-1.142,-1.132,-0.255,-1.234,-0.999
09/24/1993,-1.05,-1.12,-1.12,-0.25,-1.186,-0.995
10/01/1993,-1.035,-1.098,-1.107,-0.249,-1.127,-0.99
10/08/1993,-1.019,-1.078,-1.094,-0.251,-1.059,-0.984
10/15/1993,-1.002,-1.06,-1.079,-0.256,-0.982,-0.979
10/22/1993,-0.984,-1.04,-1.065,-0.265,-0.9,-0.973
10/29/1993,-0.966,-1.018,-1.052,-0.276,-0.818,-0.966
11/05/1993,-0.951,-0.998,-1.04,-0.289,-0.737,-0.959
11/12/1993,-0.941,-0.983,-1.033,-0.303,-0.663,-0.952
11/19/1993,-0.936,-0.979,-1.03,-0.317,-0.598,-0.943
11/26/1993,-0.938,-0.988,-1.034,-0.332,-0.542,-0.934
12/03/1993,-0.947,-1.008,-1.042,-0.347,-0.496,-0.925
12/10/1993,-0.96,-1.034,-1.054,-0.362,-0.46,-0.915
12/17/1993,-0.975,-1.06,-1.068,-0.378,-0.431,-0.904
12/24/1993,-0.991,-1.078,-1.081,-0.394,-0.408,-0.893
12/31/1993,-1.005,-1.087,-1.091,-0.41,-0.388,-0.882
01/07/1994,-1.015,-1.087,-1.096,-0.427,-0.369,-0.87
01/14/1994,-1.021,-1.08,-1.097,-0.444,-0.352,-0.858
01/21/1994,-1.02,-1.068,-1.092,-0.46,-0.334,-0.846
01/28/1994,-1.013,-1.052,-1.079,-0.475,-0.316,-0.833
02/04/1994,-0.999,-1.031,-1.059,-0.49,-0.299,-0.821
02/11/1994,-0.978,-1.001,-1.031,-0.502,-0.285,-0.808
02/18/1994,-0.951,-0.963,-0.997,-0.512,-0.273,-0.796
02/25/1994,-0.92,-0.918,-0.958,-0.52,-0.267,-0.784
03/04/1994,-0.887,-0.867,-0.915,-0.524,-0.266,-0.772
03/11/1994,-0.853,-0.816,-0.87,-0.525,-0.272,-0.76
03/18/1994,-0.821,-0.769,-0.826,-0.523,-0.285,-0.748
03/25/1994,-0.791,-0.731,-0.784,-0.516,-0.304,-0.735
04/01/1994,-0.766,-0.701,-0.748,-0.506,-0.329,-0.723
04/08/1994,-0.747,-0.68,-0.718,-0.493,-0.357,-0.711
04/15/1994,-0.734,-0.664,-0.697,-0.477,-0.387,-0.699
04/22/1994,-0.725,-0.65,-0.684,-0.459,-0.418,-0.686
04/29/1994,-0.722,-0.641,-0.678,-0.44,-0.447,-0.674
05/06/1994,-0.72,-0.635,-0.675,-0.42,-0.475,-0.661
05/13/1994,-0.72,-0.634,-0.674,-0.401,-0.5,-0.648
05/20/1994,-0.722,-0.64,-0.677,-0.384,-0.522,-0.634
05/27/1994,-0.723,-0.646,-0.679,-0.369,-0.54,-0.621
06/03/1994,-0.721,-0.645,-0.681,-0.357,-0.553,-0.607
06/10/1994,-0.721,-0.639,-0.683,-0.347,-0.56,-0.594
06/17/1994,-0.719,-0.623,-0.684,-0.34,-0.563,-0.58
06/24/1994,-0.717,-0.607,-0.687,-0.335,-0.561,-0.566
07/01/1994,-0.719,-0.595,-0.694,-0.332,-0.553,-0.552
07/08/1994,-0.725,-0.6,-0.706,-0.331,-0.541,-0.538
07/15/1994,-0.737,-0.621,-0.725,-0.33,-0.523,-0.525
07/22/1994,-0.754,-0.656,-0.75,-0.331,-0.5,-0.511
07/29/1994,-0.771,-0.698,-0.775,-0.332,-0.472,-0.498
08/05/1994,-0.787,-0.74,-0.799,-0.335,-0.438,-0.486
08/12/1994,-0.801,-0.776,-0.819,-0.337,-0.399,-0.474
08/19/1994,-0.808,-0.801,-0.832,-0.341,-0.355,-0.462
08/26/1994,-0.807,-0.811,-0.835,-0.344,-0.305,-0.451
09/02/1994,-0.797,-0.802,-0.827,-0.348,-0.251,-0.44
09/09/1994,-0.779,-0.774,-0.81,-0.352,-0.193,-0.429
09/16/1994,-0.753,-0.727,-0.784,-0.355,-0.134,-0.419
09/23/1994,-0.724,-0.669,-0.753,-0.357,-0.074,-0.408
09/30/1994,-0.693,-0.608,-0.719,-0.357,-0.016,-0.398
10/07/1994,-0.665,-0.556,-0.688,-0.355,0.039,-0.388
10/14/1994,-0.641,-0.52,-0.66,-0.349,0.091,-0.378
10/21/1994,-0.62,-0.499,-0.635,-0.34,0.137,-0.367
10/28/1994,-0.6,-0.489,-0.613,-0.327,0.177,-0.356
11/04/1994,-0.58,-0.481,-0.592,-0.31,0.211,-0.344
11/11/1994,-0.558,-0.467,-0.57,-0.29,0.239,-0.332
11/18/1994,-0.532,-0.443,-0.546,-0.266,0.26,-0.319
11/25/1994,-0.503,-0.406,-0.52,-0.241,0.274,-0.306
12/02/1994,-0.473,-0.362,-0.493,-0.215,0.281,-0.292
12/09/1994,-0.444,-0.313,-0.468,-0.189,0.281,-0.278
12/16/1994,-0.421,-0.272,-0.449,-0.166,0.274,-0.263
12/23/1994,-0.407,-0.244,-0.44,-0.146,0.261,-0.248
12/30/1994,-0.405,-0.238,-0.442,-0.13,0.244,-0.233
01/06/1995,-0.416,-0.255,-0.457,-0.118,0.221,-0.217
01/13/1995,-0.439,-0.295,-0.485,-0.111,0.197,-0.202
01/20/1995,-0.47,-0.352,-0.521,-0.107,0.171,-0.188
01/27/1995,-0.505,-0.415,-0.563,-0.106,0.145,-0.174
02/03/1995,-0.542,-0.475,-0.606,-0.107,0.12,-0.161
02/10/1995,-0.575,-0.524,-0.645,-0.111,0.098,-0.148
02/17/1995,-0.602,-0.557,-0.678,-0.115,0.078,-0.137
02/24/1995,-0.622,-0.574,-0.703,-0.12,0.061,-0.127
03/03/1995,-0.634,-0.576,-0.72,-0.126,0.046,-0.118
03/10/1995,-0.639,-0.569,-0.728,-0.13,0.032,-0.111
03/17/1995,-0.64,-0.558,-0.733,-0.134,0.019,-0.104
03/24/1995,-0.639,-0.546,-0.733,-0.137,0.004,-0.099
03/31/1995,-0.639,-0.538,-0.734,-0.139,-0.013,-0.095
04/07/1995,-0.642,-0.535,-0.737,-0.14,-0.031,-0.093
04/14/1995,-0.649,-0.542,-0.743,-0.141,-0.051,-0.092
04/21/1995,-0.659,-0.559,-0.753,-0.141,-0.071,-0.092
04/28/1995,-0.673,-0.588,-0.766,-0.141,-0.09,-0.093
05/05/1995,-0.687,-0.622,-0.779,-0.141,-0.108,-0.095
05/12/1995,-0.7,-0.658,-0.791,-0.14,-0.124,-0.098
05/19/1995,-0.709,-0.685,-0.799,-0.14,-0.135,-0.102
05/26/1995,-0.712,-0.698,-0.802,-0.14,-0.143,-0.107
06/02/1995,-0.709,-0.694,-0.799,-0.14,-0.145,-0.113
06/09/1995,-0.702,-0.678,-0.793,-0.142,-0.144,-0.119
06/16/1995,-0.692,-0.655,-0.783,-0.145,-0.139,-0.126
06/23/1995,-0.681,-0.635,-0.773,-0.149,-0.134,-0.134
06/30/1995,-0.673,-0.623,-0.765,-0.153,-0.13,-0.141
07/07/1995,-0.669,-0.621,-0.759,-0.159,-0.129,-0.148
07/14/1995,-0.67,-0.629,-0.759,-0.164,-0.134,-0.155
07/21/1995,-0.674,-0.642,-0.762,-0.168,-0.146,-0.162
07/28/1995,-0.682,-0.655,-0.766,-0.17,-0.167,-0.168
08/04/1995,-0.691,-0.668,-0.773,-0.171,-0.197,-0.174
08/11/1995,-0.701,-0.679,-0.778,-0.169,-0.234,-0.178
08/18/1995,-0.708,-0.686,-0.781,-0.165,-0.278,-0.182
08/25/1995,-0.713,-0.687,-0.781,-0.159,-0.325,-0.185
09/01/1995,-0.714,-0.681,-0.778,-0.153,-0.373,-0.187
09/08/1995,-0.712,-0.668,-0.771,-0.147,-0.42,-0.188
09/15/1995,-0.708,-0.651,-0.762,-0.141,-0.462,-0.188
09/22/1995,-0.703,-0.632,-0.753,-0.136,-0.498,-0.188
09/29/1995,-0.698,-0.617,-0.745,-0.132,-0.528,-0.187
10/06/1995,-0.697,-0.612,-0.743,-0.13,-0.55,-0.185
10/13/1995,-0.699,-0.615,-0.745,-0.127,-0.564,-0.183
10/20/1995,-0.705,-0.629,-0.754,-0.125,-0.572,-0.18
10/27/1995,-0.714,-0.649,-0.767,-0.122,-0.574,-0.178
11/03/1995,-0.726,-0.674,-0.785,-0.118,-0.574,-0.175
11/10/1995,-0.738,-0.699,-0.803,-0.114,-0.571,-0.172
11/17/1995,-0.748,-0.717,-0.818,-0.109,-0.568,-0.169
11/24/1995,-0.754,-0.724,-0.83,-0.104,-0.566,-0.166
12/01/1995,-0.755,-0.719,-0.837,-0.099,-0.565,-0.164
12/08/1995,-0.753,-0.701,-0.839,-0.095,-0.568,-0.161
12/15/1995,-0.749,-0.673,-0.837,-0.093,-0.575,-0.159
12/22/1995,-0.745,-0.645,-0.835,-0.094,-0.586,-0.157
12/29/1995,-0.745,-0.625,-0.834,-0.097,-0.601,-0.156
01/05/1996,-0.751,-0.623,-0.837,-0.103,-0.622,-0.155
01/12/1996,-0.762,-0.64,-0.843,-0.112,-0.646,-0.155
01/19/1996,-0.776,-0.673,-0.851,-0.123,-0.673,-0.155
01/26/1996,-0.794,-0.715,-0.861,-0.136,-0.701,-0.155
02/02/1996,-0.81,-0.757,-0.868,-0.15,-0.728,-0.156
02/09/1996,-0.822,-0.785,-0.869,-0.164,-0.752,-0.157
02/16/1996,-0.826,-0.796,-0.863,-0.178,-0.77,-0.158
02/23/1996,-0.821,-0.789,-0.849,-0.191,-0.78,-0.16
03/01/1996,-0.808,-0.767,-0.827,-0.203,-0.782,-0.162
03/08/1996,-0.789,-0.736,-0.801,-0.212,-0.774,-0.164
03/15/1996,-0.765,-0.699,-0.771,-0.219,-0.759,-0.166
03/22/1996,-0.742,-0.662,-0.744,-0.225,-0.736,-0.168
03/29/1996,-0.72,-0.625,-0.72,-0.228,-0.706,-0.17
04/05/1996,-0.703,-0.592,-0.703,-0.231,-0.672,-0.171
04/12/1996,-0.691,-0.567,-0.692,-0.232,-0.635,-0.172
04/19/1996,-0.685,-0.555,-0.689,-0.234,-0.597,-0.172
04/26/1996,-0.686,-0.562,-0.694,-0.235,-0.56,-0.172
05/03/1996,-0.692,-0.583,-0.703,-0.237,-0.526,-0.171
05/10/1996,-0.7,-0.613,-0.715,-0.24,-0.495,-0.169
05/17/1996,-0.709,-0.644,-0.726,-0.243,-0.47,-0.166
05/24/1996,-0.715,-0.667,-0.734,-0.246,-0.45,-0.163
05/31/1996,-0.718,-0.678,-0.737,-0.249,-0.435,-0.158
06/07/1996,-0.716,-0.677,-0.735,-0.252,-0.426,-0.153
06/14/1996,-0.712,-0.669,-0.73,-0.255,-0.423,-0.147
06/21/1996,-0.706,-0.657,-0.724,-0.258,-0.426,-0.141
06/28/1996,-0.702,-0.648,-0.718,-0.26,-0.435,-0.134
07/05/1996,-0.699,-0.642,-0.713,-0.262,-0.45,-0.127
07/12/1996,-0.7,-0.641,-0.71,-0.264,-0.47,-0.12
07/19/1996,-0.704,-0.648,-0.712,-0.266,-0.494,-0.113
07/26/1996,-0.713,-0.66,-0.716,-0.267,-0.521,-0.105
08/02/1996,-0.722,-0.675,-0.721,-0.269,-0.549,-0.099
08/09/1996,-0.733,-0.691,-0.728,-0.271,-0.577,-0.092
08/16/1996,-0.741,-0.702,-0.733,-0.273,-0.604,-0.086
08/23/1996,-0.746,-0.704,-0.734,-0.275,-0.629,-0.08
08/30/1996,-0.746,-0.696,-0.733,-0.276,-0.652,-0.074
09/06/1996,-0.742,-0.678,-0.729,-0.276,-0.674,-0.069
09/13/1996,-0.737,-0.656,-0.724,-0.274,-0.696,-0.065
09/20/1996,-0.734,-0.639,-0.722,-0.272,-0.72,-0.061
09/27/1996,-0.732,-0.632,-0.721,-0.268,-0.746,-0.058
10/04/1996,-0.736,-0.64,-0.725,-0.262,-0.775,-0.054
10/11/1996,-0.743,-0.665,-0.733,-0.257,-0.807,-0.052
10/18/1996,-0.754,-0.701,-0.742,-0.251,-0.841,-0.049
10/25/1996,-0.766,-0.744,-0.752,-0.247,-0.875,-0.046
11/01/1996,-0.777,-0.785,-0.759,-0.243,-0.907,-0.044
11/08/1996,-0.785,-0.814,-0.762,-0.241,-0.935,-0.042
11/15/1996,-0.787,-0.826,-0.759,-0.24,-0.958,-0.04
11/22/1996,-0.783,-0.819,-0.749,-0.24,-0.975,-0.037
11/29/1996,-0.772,-0.796,-0.734,-0.241,-0.986,-0.035
12/06/1996,-0.757,-0.765,-0.715,-0.242,-0.99,-0.032
12/13/1996,-0.739,-0.733,-0.695,-0.243,-0.991,-0.029
12/20/1996,-0.722,-0.707,-0.678,-0.242,-0.991,-0.026
12/27/1996,-0.708,-0.69,-0.664,-0.241,-0.993,-0.023
01/03/1997,-0.698,-0.682,-0.656,-0.238,-0.999,-0.019
01/10/1997,-0.693,-0.68,-0.653,-0.235,-1.012,-0.015
01/17/1997,-0.694,-0.685,-0.655,-0.23,-1.032,-0.01
01/24/1997,-0.701,-0.698,-0.66,-0.226,-1.058,-0.006
01/31/1997,-0.71,-0.715,-0.668,-0.222,-1.09,-0
02/07/1997,-0.721,-0.736,-0.675,-0.218,-1.124,0.005
02/14/1997,-0.73,-0.756,-0.681,-0.215,-1.157,0.011
02/21/1997,-0.736,-0.766,-0.682,-0.212,-1.185,0.017
02/28/1997,-0.736,-0.765,-0.68,-0.209,-1.206,0.023
03/07/1997,-0.731,-0.749,-0.671,-0.207,-1.218,0.029
03/14/1997,-0.72,-0.722,-0.659,-0.205,-1.22,0.036
03/21/1997,-0.707,-0.689,-0.644,-0.203,-1.213,0.042
03/28/1997,-0.691,-0.656,-0.627,-0.202,-1.197,0.049
04/04/1997,-0.675,-0.625,-0.608,-0.203,-1.176,0.055
04/11/1997,-0.661,-0.597,-0.59,-0.204,-1.153,0.061
04/18/1997,-0.649,-0.573,-0.574,-0.206,-1.129,0.066
04/25/1997,-0.639,-0.552,-0.561,-0.208,-1.107,0.071
05/02/1997,-0.633,-0.534,-0.55,-0.21,-1.089,0.076
05/09/1997,-0.63,-0.521,-0.543,-0.212,-1.074,0.08
05/16/1997,-0.628,-0.513,-0.539,-0.212,-1.063,0.084
05/23/1997,-0.628,-0.511,-0.538,-0.211,-1.056,0.087
05/30/1997,-0.629,-0.514,-0.54,-0.207,-1.05,0.089
06/06/1997,-0.63,-0.522,-0.545,-0.203,-1.045,0.091
06/13/1997,-0.633,-0.532,-0.553,-0.198,-1.039,0.092
06/20/1997,-0.637,-0.544,-0.564,-0.194,-1.031,0.093
06/27/1997,-0.641,-0.558,-0.575,-0.191,-1.021,0.094
07/04/1997,-0.647,-0.576,-0.586,-0.19,-1.01,0.094
07/11/1997,-0.651,-0.594,-0.596,-0.19,-0.998,0.095
07/18/1997,-0.655,-0.611,-0.603,-0.193,-0.987,0.095
07/25/1997,-0.658,-0.624,-0.607,-0.197,-0.98,0.095
08/01/1997,-0.659,-0.628,-0.607,-0.203,-0.976,0.096
08/08/1997,-0.659,-0.622,-0.604,-0.209,-0.977,0.097
08/15/1997,-0.657,-0.609,-0.596,-0.215,-0.984,0.098
08/22/1997,-0.653,-0.59,-0.586,-0.221,-0.995,0.099
08/29/1997,-0.649,-0.57,-0.573,-0.226,-1.011,0.101
09/05/1997,-0.643,-0.55,-0.557,-0.23,-1.03,0.103
09/12/1997,-0.635,-0.532,-0.538,-0.232,-1.05,0.106
09/19/1997,-0.626,-0.513,-0.516,-0.232,-1.069,0.109
09/26/1997,-0.614,-0.49,-0.492,-0.231,-1.086,0.113
10/03/1997,-0.599,-0.467,-0.466,-0.228,-1.099,0.117
10/10/1997,-0.58,-0.443,-0.437,-0.221,-1.108,0.122
10/17/1997,-0.558,-0.422,-0.408,-0.212,-1.112,0.127
10/24/1997,-0.534,-0.408,-0.381,-0.199,-1.113,0.132
10/31/1997,-0.512,-0.402,-0.359,-0.183,-1.109,0.138
11/07/1997,-0.494,-0.405,-0.345,-0.164,-1.104,0.144
11/14/1997,-0.48,-0.411,-0.34,-0.145,-1.095,0.151
11/21/1997,-0.474,-0.421,-0.345,-0.125,-1.086,0.158
11/28/1997,-0.474,-0.432,-0.358,-0.108,-1.074,0.165
12/05/1997,-0.478,-0.444,-0.377,-0.094,-1.061,0.172
12/12/1997,-0.486,-0.456,-0.4,-0.086,-1.046,0.179
12/19/1997,-0.499,-0.468,-0.426,-0.084,-1.029,0.186
12/26/1997,-0.514,-0.479,-0.452,-0.09,-1.01,0.193
01/02/1998,-0.53,-0.487,-0.477,-0.101,-0.993,0.199
01/09/1998,-0.547,-0.492,-0.498,-0.118,-0.977,0.206
01/16/1998,-0.565,-0.501,-0.518,-0.137,-0.967,0.212
01/23/1998,-0.582,-0.514,-0.535,-0.156,-0.962,0.217
01/30/1998,-0.599,-0.534,-0.55,-0.172,-0.964,0.222
02/06/1998,-0.614,-0.558,-0.563,-0.185,-0.974,0.225
02/13/1998,-0.626,-0.58,-0.574,-0.194,-0.99,0.229
02/20/1998,-0.635,-0.594,-0.581,-0.197,-1.011,0.231
02/27/1998,-0.639,-0.595,-0.584,-0.197,-1.035,0.233
03/06/1998,-0.639,-0.583,-0.583,-0.195,-1.058,0.234
03/13/1998,-0.636,-0.567,-0.58,-0.191,-1.077,0.234
03/20/1998,-0.632,-0.553,-0.575,-0.188,-1.091,0.234
03/27/1998,-0.627,-0.545,-0.568,-0.185,-1.097,0.233
04/03/1998,-0.621,-0.541,-0.561,-0.184,-1.093,0.232
04/10/1998,-0.616,-0.54,-0.555,-0.184,-1.082,0.231
04/17/1998,-0.611,-0.536,-0.549,-0.182,-1.062,0.229
04/24/1998,-0.605,-0.528,-0.545,-0.179,-1.036,0.228
05/01/1998,-0.598,-0.519,-0.542,-0.174,-1.007,0.226
05/08/1998,-0.592,-0.513,-0.542,-0.165,-0.976,0.225
05/15/1998,-0.585,-0.513,-0.542,-0.153,-0.946,0.224
05/22/1998,-0.579,-0.517,-0.543,-0.138,-0.918,0.223
05/29/1998,-0.571,-0.518,-0.545,-0.122,-0.891,0.222
06/05/1998,-0.565,-0.514,-0.547,-0.105,-0.864,0.222
06/12/1998,-0.56,-0.5,-0.551,-0.088,-0.835,0.221
06/19/1998,-0.558,-0.481,-0.554,-0.074,-0.802,0.221
06/26/1998,-0.556,-0.465,-0.558,-0.063,-0.76,0.221
07/03/1998,-0.556,-0.46,-0.56,-0.056,-0.707,0.221
07/10/1998,-0.554,-0.467,-0.558,-0.052,-0.642,0.221
07/17/1998,-0.547,-0.48,-0.552,-0.049,-0.563,0.222
07/24/1998,-0.534,-0.486,-0.539,-0.045,-0.47,0.222
07/31/1998,-0.511,-0.473,-0.517,-0.039,-0.368,0.223
08/07/1998,-0.477,-0.433,-0.483,-0.029,-0.26,0.224
08/14/1998,-0.432,-0.37,-0.439,-0.015,-0.151,0.225
08/21/1998,-0.377,-0.293,-0.384,0.005,-0.047,0.226
08/28/1998,-0.315,-0.212,-0.32,0.029,0.047,0.228
09/04/1998,-0.249,-0.131,-0.251,0.057,0.126,0.23
09/11/1998,-0.185,-0.049,-0.18,0.086,0.188,0.232
09/18/1998,-0.124,0.041,-0.112,0.116,0.233,0.234
09/25/1998,-0.07,0.137,-0.05,0.145,0.261,0.237
10/02/1998,-0.027,0.229,0,0.172,0.276,0.241
10/09/1998,0.003,0.299,0.035,0.196,0.282,0.245
10/16/1998,0.016,0.33,0.048,0.218,0.283,0.25
10/23/1998,0.011,0.312,0.039,0.236,0.286,0.256
10/30/1998,-0.007,0.259,0.012,0.249,0.295,0.263
11/06/1998,-0.033,0.189,-0.026,0.258,0.312,0.27
11/13/1998,-0.061,0.13,-0.07,0.262,0.342,0.279
11/20/1998,-0.09,0.087,-0.116,0.261,0.382,0.288
11/27/1998,-0.115,0.065,-0.158,0.254,0.432,0.298
12/04/1998,-0.137,0.052,-0.193,0.241,0.489,0.309
12/11/1998,-0.156,0.035,-0.222,0.223,0.55,0.32
12/18/1998,-0.174,0.007,-0.245,0.2,0.608,0.332
12/25/1998,-0.191,-0.028,-0.263,0.172,0.661,0.344
01/01/1999,-0.208,-0.06,-0.276,0.142,0.705,0.356
01/08/1999,-0.223,-0.082,-0.285,0.112,0.736,0.367
01/15/1999,-0.238,-0.096,-0.294,0.082,0.754,0.378
01/22/1999,-0.255,-0.106,-0.304,0.054,0.755,0.388
01/29/1999,-0.274,-0.122,-0.316,0.029,0.741,0.398
02/05/1999,-0.294,-0.146,-0.33,0.008,0.712,0.406
02/12/1999,-0.314,-0.178,-0.345,-0.01,0.67,0.413
02/19/1999,-0.335,-0.212,-0.361,-0.024,0.617,0.419
02/26/1999,-0.354,-0.238,-0.375,-0.036,0.559,0.423
03/05/1999,-0.371,-0.252,-0.388,-0.044,0.499,0.426
03/12/1999,-0.385,-0.255,-0.4,-0.05,0.442,0.428
03/19/1999,-0.396,-0.25,-0.41,-0.055,0.389,0.429
03/26/1999,-0.405,-0.241,-0.418,-0.059,0.343,0.429
04/02/1999,-0.411,-0.233,-0.424,-0.062,0.307,0.428
04/09/1999,-0.416,-0.23,-0.428,-0.064,0.28,0.427
04/16/1999,-0.42,-0.232,-0.432,-0.066,0.264,0.426
04/23/1999,-0.424,-0.24,-0.435,-0.068,0.259,0.426
04/30/1999,-0.426,-0.252,-0.438,-0.07,0.264,0.425
05/07/1999,-0.426,-0.262,-0.438,-0.07,0.278,0.425
05/14/1999,-0.422,-0.263,-0.435,-0.07,0.299,0.426
05/21/1999,-0.414,-0.252,-0.428,-0.069,0.326,0.428
05/28/1999,-0.401,-0.23,-0.415,-0.066,0.357,0.431
06/04/1999,-0.386,-0.201,-0.399,-0.063,0.39,0.435
06/11/1999,-0.37,-0.17,-0.379,-0.059,0.425,0.44
06/18/1999,-0.351,-0.141,-0.356,-0.054,0.461,0.446
06/25/1999,-0.332,-0.116,-0.329,-0.049,0.499,0.452
07/02/1999,-0.31,-0.092,-0.3,-0.044,0.539,0.46
07/09/1999,-0.287,-0.062,-0.269,-0.038,0.582,0.468
07/16/1999,-0.261,-0.022,-0.236,-0.032,0.63,0.476
07/23/1999,-0.235,0.024,-0.205,-0.026,0.681,0.484
07/30/1999,-0.212,0.071,-0.178,-0.021,0.737,0.492
08/06/1999,-0.19,0.113,-0.156,-0.015,0.795,0.501
08/13/1999,-0.173,0.145,-0.14,-0.009,0.852,0.508
08/20/1999,-0.161,0.164,-0.131,-0.004,0.907,0.516
08/27/1999,-0.15,0.175,-0.123,0,0.956,0.523
09/03/1999,-0.138,0.188,-0.115,0.003,0.995,0.529
09/10/1999,-0.126,0.208,-0.104,0.005,1.021,0.535
09/17/1999,-0.113,0.236,-0.09,0.007,1.032,0.54
09/24/1999,-0.101,0.27,-0.073,0.007,1.026,0.544
10/01/1999,-0.091,0.304,-0.057,0.008,1.007,0.548
10/08/1999,-0.084,0.331,-0.043,0.01,0.978,0.551
10/15/1999,-0.087,0.336,-0.038,0.012,0.945,0.553
10/22/1999,-0.096,0.318,-0.043,0.018,0.912,0.555
10/29/1999,-0.111,0.281,-0.059,0.026,0.887,0.557
11/05/1999,-0.129,0.232,-0.084,0.036,0.876,0.559
11/12/1999,-0.146,0.185,-0.114,0.05,0.881,0.56
11/19/1999,-0.161,0.15,-0.147,0.064,0.902,0.561
11/26/1999,-0.168,0.138,-0.176,0.079,0.94,0.563
12/03/1999,-0.17,0.145,-0.2,0.092,0.988,0.564
12/10/1999,-0.169,0.161,-0.219,0.102,1.045,0.566
12/17/1999,-0.168,0.171,-0.232,0.106,1.105,0.568
12/24/1999,-0.169,0.167,-0.241,0.104,1.164,0.57
12/31/1999,-0.172,0.15,-0.247,0.096,1.219,0.573
01/07/2000,-0.182,0.12,-0.252,0.082,1.266,0.576
01/14/2000,-0.193,0.091,-0.257,0.067,1.305,0.58
01/21/2000,-0.204,0.072,-0.26,0.051,1.334,0.585
01/28/2000,-0.211,0.063,-0.26,0.038,1.353,0.591
02/04/2000,-0.213,0.062,-0.258,0.028,1.362,0.597
02/11/2000,-0.211,0.063,-0.253,0.023,1.361,0.605
02/18/2000,-0.203,0.066,-0.243,0.024,1.348,0.613
02/25/2000,-0.19,0.076,-0.228,0.029,1.324,0.622
03/03/2000,-0.174,0.096,-0.209,0.038,1.289,0.631
03/10/2000,-0.154,0.129,-0.184,0.05,1.243,0.641
03/17/2000,-0.132,0.169,-0.155,0.063,1.187,0.652
03/24/2000,-0.11,0.204,-0.125,0.077,1.124,0.663
03/31/2000,-0.089,0.225,-0.096,0.091,1.056,0.675
04/07/2000,-0.073,0.224,-0.07,0.103,0.984,0.686
04/14/2000,-0.059,0.218,-0.045,0.115,0.91,0.697
04/21/2000,-0.046,0.216,-0.021,0.125,0.836,0.708
04/28/2000,-0.032,0.231,0.004,0.135,0.763,0.719
05/05/2000,-0.017,0.267,0.029,0.144,0.694,0.729
05/12/2000,-0.002,0.314,0.053,0.154,0.627,0.738
05/19/2000,0.012,0.361,0.072,0.164,0.565,0.746
05/26/2000,0.024,0.395,0.086,0.175,0.508,0.754
06/02/2000,0.032,0.412,0.092,0.186,0.454,0.761
06/09/2000,0.033,0.411,0.088,0.196,0.404,0.766
06/16/2000,0.028,0.402,0.075,0.205,0.353,0.771
06/23/2000,0.017,0.385,0.053,0.213,0.3,0.775
06/30/2000,-0.001,0.359,0.024,0.219,0.241,0.779
07/07/2000,-0.026,0.319,-0.01,0.224,0.175,0.782
07/14/2000,-0.055,0.265,-0.046,0.226,0.101,0.784
07/21/2000,-0.086,0.202,-0.082,0.227,0.02,0.785
07/28/2000,-0.116,0.139,-0.116,0.226,-0.067,0.786
08/04/2000,-0.144,0.086,-0.145,0.224,-0.157,0.786
08/11/2000,-0.168,0.052,-0.168,0.221,-0.247,0.786
08/18/2000,-0.186,0.037,-0.184,0.217,-0.333,0.786
08/25/2000,-0.198,0.034,-0.193,0.214,-0.415,0.785
09/01/2000,-0.206,0.035,-0.196,0.21,-0.49,0.784
09/08/2000,-0.208,0.037,-0.193,0.207,-0.557,0.783
09/15/2000,-0.207,0.035,-0.187,0.206,-0.615,0.782
09/22/2000,-0.203,0.035,-0.18,0.207,-0.663,0.78
09/29/2000,-0.197,0.038,-0.174,0.212,-0.705,0.778
10/06/2000,-0.19,0.043,-0.169,0.223,-0.743,0.776
10/13/2000,-0.182,0.049,-0.167,0.24,-0.781,0.774
10/20/2000,-0.175,0.046,-0.167,0.265,-0.822,0.771
10/27/2000,-0.168,0.035,-0.17,0.298,-0.871,0.769
11/03/2000,-0.158,0.023,-0.171,0.338,-0.93,0.766
11/10/2000,-0.145,0.016,-0.171,0.385,-1,0.764
11/17/2000,-0.127,0.024,-0.167,0.435,-1.082,0.761
11/24/2000,-0.107,0.049,-0.161,0.487,-1.175,0.758
12/01/2000,-0.086,0.086,-0.154,0.537,-1.277,0.755
12/08/2000,-0.071,0.12,-0.149,0.579,-1.384,0.752
12/15/2000,-0.066,0.139,-0.149,0.608,-1.489,0.749
12/22/2000,-0.071,0.136,-0.154,0.624,-1.589,0.746
12/29/2000,-0.091,0.106,-0.17,0.624,-1.679,0.744
01/05/2001,-0.12,0.061,-0.192,0.611,-1.755,0.741
01/12/2001,-0.155,0.011,-0.22,0.589,-1.818,0.738
01/19/2001,-0.192,-0.036,-0.251,0.561,-1.867,0.735
01/26/2001,-0.225,-0.074,-0.278,0.532,-1.904,0.733
02/02/2001,-0.252,-0.105,-0.3,0.502,-1.931,0.731
02/09/2001,-0.27,-0.131,-0.313,0.475,-1.95,0.729
02/16/2001,-0.279,-0.153,-0.317,0.451,-1.963,0.727
02/23/2001,-0.278,-0.167,-0.311,0.432,-1.97,0.725
03/02/2001,-0.272,-0.173,-0.299,0.416,-1.975,0.724
03/09/2001,-0.263,-0.172,-0.284,0.402,-1.977,0.723
03/16/2001,-0.255,-0.162,-0.269,0.388,-1.977,0.722
03/23/2001,-0.251,-0.155,-0.257,0.373,-1.975,0.721
03/30/2001,-0.254,-0.158,-0.254,0.356,-1.971,0.72
04/06/2001,-0.264,-0.174,-0.257,0.337,-1.965,0.72
04/13/2001,-0.283,-0.208,-0.272,0.317,-1.958,0.719
04/20/2001,-0.307,-0.25,-0.293,0.295,-1.951,0.718
04/27/2001,-0.334,-0.291,-0.318,0.274,-1.946,0.717
05/04/2001,-0.362,-0.327,-0.345,0.254,-1.943,0.716
05/11/2001,-0.387,-0.353,-0.37,0.237,-1.944,0.714
05/18/2001,-0.407,-0.37,-0.391,0.223,-1.947,0.711
05/25/2001,-0.423,-0.386,-0.409,0.213,-1.954,0.709
06/01/2001,-0.434,-0.404,-0.423,0.208,-1.964,0.705
06/08/2001,-0.442,-0.425,-0.436,0.206,-1.974,0.701
06/15/2001,-0.448,-0.446,-0.447,0.205,-1.984,0.696
06/22/2001,-0.453,-0.464,-0.457,0.206,-1.991,0.691
06/29/2001,-0.46,-0.475,-0.468,0.205,-1.995,0.685
07/06/2001,-0.469,-0.484,-0.481,0.203,-1.993,0.678
07/13/2001,-0.479,-0.493,-0.493,0.2,-1.984,0.671
07/20/2001,-0.49,-0.506,-0.503,0.195,-1.969,0.662
07/27/2001,-0.499,-0.527,-0.511,0.19,-1.949,0.653
08/03/2001,-0.504,-0.549,-0.512,0.187,-1.924,0.644
08/10/2001,-0.499,-0.559,-0.505,0.187,-1.895,0.633
08/17/2001,-0.486,-0.551,-0.489,0.191,-1.864,0.623
08/24/2001,-0.462,-0.521,-0.466,0.2,-1.833,0.611
08/31/2001,-0.431,-0.476,-0.438,0.214,-1.803,0.6
09/07/2001,-0.398,-0.426,-0.409,0.232,-1.776,0.588
09/14/2001,-0.366,-0.381,-0.384,0.252,-1.753,0.576
09/21/2001,-0.344,-0.355,-0.368,0.272,-1.735,0.564
09/28/2001,-0.337,-0.352,-0.368,0.289,-1.722,0.552
10/05/2001,-0.339,-0.357,-0.375,0.302,-1.71,0.541
10/12/2001,-0.35,-0.374,-0.39,0.311,-1.7,0.531
10/19/2001,-0.366,-0.395,-0.407,0.315,-1.688,0.522
10/26/2001,-0.382,-0.419,-0.424,0.315,-1.675,0.513
11/02/2001,-0.393,-0.441,-0.436,0.312,-1.658,0.506
11/09/2001,-0.399,-0.457,-0.441,0.308,-1.637,0.501
11/16/2001,-0.397,-0.461,-0.439,0.303,-1.612,0.496
11/23/2001,-0.387,-0.444,-0.429,0.298,-1.582,0.493
11/30/2001,-0.373,-0.411,-0.417,0.293,-1.548,0.492
12/07/2001,-0.361,-0.372,-0.407,0.288,-1.51,0.491
12/14/2001,-0.355,-0.343,-0.402,0.28,-1.469,0.492
12/21/2001,-0.357,-0.338,-0.405,0.269,-1.426,0.493
12/28/2001,-0.37,-0.364,-0.416,0.253,-1.382,0.496
01/04/2002,-0.39,-0.41,-0.434,0.234,-1.337,0.499
01/11/2002,-0.416,-0.465,-0.457,0.212,-1.293,0.502
01/18/2002,-0.441,-0.509,-0.481,0.19,-1.251,0.505
01/25/2002,-0.462,-0.533,-0.503,0.17,-1.213,0.507
02/01/2002,-0.477,-0.535,-0.521,0.152,-1.18,0.51
02/08/2002,-0.487,-0.523,-0.534,0.138,-1.155,0.512
02/15/2002,-0.491,-0.509,-0.542,0.128,-1.139,0.513
02/22/2002,-0.491,-0.498,-0.544,0.12,-1.133,0.513
03/01/2002,-0.491,-0.491,-0.543,0.114,-1.138,0.512
03/08/2002,-0.49,-0.483,-0.539,0.107,-1.153,0.511
03/15/2002,-0.49,-0.473,-0.534,0.099,-1.174,0.509
03/22/2002,-0.494,-0.461,-0.532,0.089,-1.2,0.506
03/29/2002,-0.503,-0.451,-0.532,0.075,-1.228,0.502
04/05/2002,-0.516,-0.452,-0.538,0.058,-1.256,0.498
04/12/2002,-0.535,-0.471,-0.55,0.039,-1.281,0.493
04/19/2002,-0.556,-0.504,-0.565,0.018,-1.301,0.488
04/26/2002,-0.579,-0.544,-0.583,-0.003,-1.317,0.482
05/03/2002,-0.601,-0.585,-0.602,-0.022,-1.329,0.477
05/10/2002,-0.618,-0.612,-0.616,-0.036,-1.336,0.471
05/17/2002,-0.628,-0.627,-0.627,-0.045,-1.341,0.465
05/24/2002,-0.63,-0.628,-0.63,-0.046,-1.344,0.459
05/31/2002,-0.624,-0.623,-0.626,-0.04,-1.347,0.453
06/07/2002,-0.61,-0.616,-0.614,-0.027,-1.35,0.448
06/14/2002,-0.59,-0.609,-0.597,-0.007,-1.354,0.443
06/21/2002,-0.565,-0.599,-0.576,0.017,-1.36,0.438
06/28/2002,-0.538,-0.583,-0.552,0.043,-1.365,0.434
07/05/2002,-0.51,-0.559,-0.527,0.07,-1.369,0.43
07/12/2002,-0.483,-0.529,-0.501,0.095,-1.371,0.426
07/19/2002,-0.46,-0.499,-0.478,0.117,-1.369,0.423
07/26/2002,-0.439,-0.474,-0.457,0.136,-1.363,0.421
08/02/2002,-0.425,-0.459,-0.441,0.151,-1.351,0.419
08/09/2002,-0.414,-0.451,-0.429,0.163,-1.333,0.417
08/16/2002,-0.406,-0.448,-0.421,0.172,-1.307,0.416
08/23/2002,-0.398,-0.442,-0.413,0.178,-1.276,0.415
08/30/2002,-0.39,-0.429,-0.407,0.182,-1.24,0.414
09/06/2002,-0.379,-0.411,-0.399,0.186,-1.202,0.414
09/13/2002,-0.369,-0.391,-0.393,0.189,-1.163,0.414
09/20/2002,-0.359,-0.376,-0.388,0.191,-1.126,0.414
09/27/2002,-0.354,-0.371,-0.387,0.193,-1.091,0.414
10/04/2002,-0.353,-0.375,-0.39,0.194,-1.059,0.414
10/11/2002,-0.359,-0.388,-0.399,0.193,-1.03,0.414
10/18/2002,-0.371,-0.408,-0.413,0.19,-1.002,0.413
10/25/2002,-0.386,-0.429,-0.431,0.185,-0.973,0.411
11/01/2002,-0.405,-0.451,-0.452,0.179,-0.942,0.41
11/08/2002,-0.422,-0.47,-0.474,0.172,-0.907,0.407
11/15/2002,-0.437,-0.485,-0.493,0.164,-0.87,0.404
11/22/2002,-0.448,-0.491,-0.509,0.156,-0.831,0.401
11/29/2002,-0.454,-0.487,-0.521,0.148,-0.789,0.397
12/06/2002,-0.457,-0.474,-0.53,0.14,-0.746,0.392
12/13/2002,-0.461,-0.461,-0.537,0.129,-0.704,0.386
12/20/2002,-0.465,-0.453,-0.543,0.117,-0.664,0.38
12/27/2002,-0.471,-0.453,-0.548,0.103,-0.626,0.374
01/03/2003,-0.482,-0.464,-0.555,0.087,-0.593,0.367
01/10/2003,-0.495,-0.481,-0.562,0.071,-0.565,0.36
01/17/2003,-0.508,-0.498,-0.57,0.055,-0.542,0.352
01/24/2003,-0.517,-0.509,-0.576,0.042,-0.525,0.344
01/31/2003,-0.524,-0.516,-0.582,0.031,-0.514,0.336
02/07/2003,-0.528,-0.518,-0.587,0.023,-0.511,0.328
02/14/2003,-0.531,-0.522,-0.59,0.017,-0.517,0.32
02/21/2003,-0.533,-0.53,-0.594,0.012,-0.531,0.312
02/28/2003,-0.537,-0.544,-0.599,0.007,-0.553,0.304
03/07/2003,-0.544,-0.564,-0.604,0,-0.582,0.295
03/14/2003,-0.554,-0.588,-0.613,-0.008,-0.618,0.287
03/21/2003,-0.568,-0.619,-0.624,-0.017,-0.657,0.278
03/28/2003,-0.588,-0.655,-0.641,-0.028,-0.698,0.27
04/04/2003,-0.611,-0.699,-0.662,-0.04,-0.738,0.262
04/11/2003,-0.637,-0.743,-0.685,-0.05,-0.775,0.253
04/18/2003,-0.661,-0.784,-0.71,-0.059,-0.808,0.245
04/25/2003,-0.683,-0.815,-0.735,-0.065,-0.835,0.237
05/02/2003,-0.699,-0.831,-0.756,-0.068,-0.857,0.23
05/09/2003,-0.708,-0.832,-0.773,-0.067,-0.873,0.222
05/16/2003,-0.713,-0.822,-0.785,-0.064,-0.884,0.214
05/23/2003,-0.713,-0.807,-0.792,-0.061,-0.891,0.207
05/30/2003,-0.712,-0.791,-0.795,-0.06,-0.896,0.2
06/06/2003,-0.71,-0.775,-0.795,-0.061,-0.898,0.193
06/13/2003,-0.709,-0.763,-0.791,-0.067,-0.898,0.187
06/20/2003,-0.71,-0.755,-0.785,-0.077,-0.896,0.181
06/27/2003,-0.713,-0.751,-0.776,-0.091,-0.891,0.176
07/04/2003,-0.716,-0.749,-0.764,-0.109,-0.882,0.171
07/11/2003,-0.717,-0.75,-0.751,-0.128,-0.867,0.166
07/18/2003,-0.716,-0.751,-0.735,-0.147,-0.846,0.162
07/25/2003,-0.711,-0.748,-0.719,-0.165,-0.818,0.16
08/01/2003,-0.701,-0.739,-0.703,-0.178,-0.782,0.158
08/08/2003,-0.691,-0.728,-0.69,-0.188,-0.741,0.156
08/15/2003,-0.682,-0.715,-0.682,-0.195,-0.698,0.156
08/22/2003,-0.674,-0.704,-0.677,-0.199,-0.654,0.157
08/29/2003,-0.669,-0.7,-0.676,-0.201,-0.615,0.159
09/05/2003,-0.667,-0.702,-0.678,-0.202,-0.582,0.161
09/12/2003,-0.669,-0.709,-0.683,-0.204,-0.557,0.165
09/19/2003,-0.674,-0.717,-0.688,-0.206,-0.541,0.169
09/26/2003,-0.681,-0.723,-0.693,-0.21,-0.532,0.174
10/03/2003,-0.689,-0.728,-0.696,-0.216,-0.529,0.18
10/10/2003,-0.697,-0.733,-0.699,-0.223,-0.528,0.187
10/17/2003,-0.705,-0.739,-0.701,-0.231,-0.527,0.194
10/24/2003,-0.71,-0.748,-0.702,-0.238,-0.523,0.201
10/31/2003,-0.715,-0.758,-0.704,-0.246,-0.514,0.209
11/07/2003,-0.717,-0.766,-0.706,-0.251,-0.499,0.218
11/14/2003,-0.717,-0.766,-0.708,-0.256,-0.479,0.226
11/21/2003,-0.716,-0.758,-0.71,-0.261,-0.456,0.235
11/28/2003,-0.715,-0.744,-0.712,-0.265,-0.431,0.244
12/05/2003,-0.713,-0.727,-0.714,-0.27,-0.407,0.253
12/12/2003,-0.713,-0.714,-0.718,-0.276,-0.389,0.263
12/19/2003,-0.717,-0.707,-0.723,-0.283,-0.377,0.272
12/26/2003,-0.723,-0.707,-0.728,-0.293,-0.376,0.282
01/02/2004,-0.733,-0.713,-0.734,-0.304,-0.386,0.291
01/09/2004,-0.746,-0.721,-0.743,-0.315,-0.406,0.301
01/16/2004,-0.76,-0.73,-0.752,-0.324,-0.437,0.31
01/23/2004,-0.774,-0.74,-0.76,-0.332,-0.475,0.32
01/30/2004,-0.786,-0.753,-0.769,-0.337,-0.517,0.329
02/06/2004,-0.796,-0.768,-0.778,-0.339,-0.56,0.338
02/13/2004,-0.805,-0.783,-0.787,-0.338,-0.599,0.347
02/20/2004,-0.811,-0.796,-0.794,-0.337,-0.631,0.355
02/27/2004,-0.814,-0.801,-0.798,-0.335,-0.654,0.364
03/05/2004,-0.815,-0.799,-0.799,-0.333,-0.664,0.372
03/12/2004,-0.813,-0.794,-0.797,-0.334,-0.66,0.381
03/19/2004,-0.809,-0.789,-0.792,-0.336,-0.643,0.389
03/26/2004,-0.802,-0.786,-0.782,-0.34,-0.614,0.397
04/02/2004,-0.794,-0.787,-0.77,-0.346,-0.575,0.406
04/09/2004,-0.783,-0.785,-0.754,-0.352,-0.529,0.414
04/16/2004,-0.77,-0.775,-0.738,-0.356,-0.478,0.422
04/23/2004,-0.755,-0.755,-0.72,-0.359,-0.427,0.431
04/30/2004,-0.74,-0.728,-0.704,-0.358,-0.379,0.44
05/07/2004,-0.725,-0.7,-0.69,-0.354,-0.336,0.449
05/14/2004,-0.713,-0.68,-0.678,-0.348,-0.299,0.458
05/21/2004,-0.703,-0.673,-0.67,-0.341,-0.27,0.467
05/28/2004,-0.695,-0.677,-0.665,-0.333,-0.248,0.477
06/04/2004,-0.69,-0.686,-0.661,-0.326,-0.233,0.487
06/11/2004,-0.687,-0.691,-0.66,-0.319,-0.224,0.498
06/18/2004,-0.686,-0.688,-0.66,-0.314,-0.221,0.508
06/25/2004,-0.686,-0.68,-0.661,-0.311,-0.223,0.519
07/02/2004,-0.687,-0.671,-0.663,-0.308,-0.23,0.53
07/09/2004,-0.689,-0.668,-0.666,-0.305,-0.24,0.541
07/16/2004,-0.691,-0.673,-0.669,-0.302,-0.251,0.553
07/23/2004,-0.693,-0.686,-0.673,-0.297,-0.264,0.564
07/30/2004,-0.696,-0.701,-0.678,-0.291,-0.277,0.576
08/06/2004,-0.697,-0.714,-0.683,-0.284,-0.288,0.587
08/13/2004,-0.699,-0.721,-0.69,-0.275,-0.297,0.599
08/20/2004,-0.7,-0.724,-0.696,-0.266,-0.302,0.611
08/27/2004,-0.701,-0.724,-0.702,-0.257,-0.302,0.623
09/03/2004,-0.701,-0.72,-0.708,-0.249,-0.297,0.635
09/10/2004,-0.701,-0.715,-0.712,-0.243,-0.287,0.647
09/17/2004,-0.701,-0.704,-0.716,-0.239,-0.271,0.659
09/24/2004,-0.7,-0.686,-0.719,-0.237,-0.251,0.67
10/01/2004,-0.699,-0.662,-0.72,-0.238,-0.229,0.682
10/08/2004,-0.699,-0.637,-0.721,-0.241,-0.205,0.695
10/15/2004,-0.7,-0.621,-0.723,-0.245,-0.181,0.707
10/22/2004,-0.703,-0.618,-0.726,-0.25,-0.159,0.719
10/29/2004,-0.706,-0.627,-0.73,-0.254,-0.14,0.731
11/05/2004,-0.709,-0.646,-0.734,-0.258,-0.125,0.744
11/12/2004,-0.713,-0.668,-0.738,-0.261,-0.115,0.756
11/19/2004,-0.715,-0.683,-0.739,-0.262,-0.109,0.769
11/26/2004,-0.715,-0.69,-0.739,-0.262,-0.108,0.782
12/03/2004,-0.714,-0.69,-0.737,-0.26,-0.112,0.795
12/10/2004,-0.71,-0.685,-0.733,-0.257,-0.118,0.808
12/17/2004,-0.706,-0.68,-0.728,-0.253,-0.127,0.821
12/24/2004,-0.701,-0.676,-0.723,-0.249,-0.136,0.835
12/31/2004,-0.697,-0.676,-0.72,-0.245,-0.143,0.848
01/07/2005,-0.695,-0.679,-0.719,-0.242,-0.15,0.862
01/14/2005,-0.696,-0.682,-0.721,-0.239,-0.153,0.876
01/21/2005,-0.698,-0.686,-0.726,-0.238,-0.153,0.89
01/28/2005,-0.703,-0.691,-0.732,-0.238,-0.151,0.905
02/04/2005,-0.708,-0.697,-0.738,-0.239,-0.145,0.919
02/11/2005,-0.712,-0.7,-0.742,-0.241,-0.137,0.933
02/18/2005,-0.713,-0.698,-0.742,-0.242,-0.127,0.948
02/25/2005,-0.71,-0.688,-0.738,-0.241,-0.116,0.963
03/04/2005,-0.703,-0.667,-0.73,-0.238,-0.104,0.978
03/11/2005,-0.692,-0.641,-0.719,-0.233,-0.091,0.992
03/18/2005,-0.679,-0.613,-0.706,-0.225,-0.077,1.007
03/25/2005,-0.665,-0.589,-0.694,-0.215,-0.063,1.022
04/01/2005,-0.651,-0.574,-0.683,-0.201,-0.049,1.037
04/08/2005,-0.638,-0.567,-0.675,-0.186,-0.035,1.052
04/15/2005,-0.627,-0.566,-0.669,-0.169,-0.022,1.067
04/22/2005,-0.617,-0.567,-0.666,-0.153,-0.01,1.082
04/29/2005,-0.61,-0.568,-0.664,-0.138,0.002,1.098
05/06/2005,-0.605,-0.569,-0.664,-0.125,0.014,1.113
05/13/2005,-0.601,-0.567,-0.664,-0.115,0.027,1.129
05/20/2005,-0.6,-0.564,-0.665,-0.108,0.039,1.145
05/27/2005,-0.6,-0.561,-0.667,-0.105,0.053,1.161
06/03/2005,-0.6,-0.553,-0.668,-0.104,0.067,1.177
06/10/2005,-0.601,-0.544,-0.669,-0.105,0.082,1.194
06/17/2005,-0.602,-0.533,-0.67,-0.108,0.097,1.212
06/24/2005,-0.604,-0.525,-0.672,-0.111,0.113,1.229
07/01/2005,-0.606,-0.521,-0.675,-0.114,0.128,1.248
07/08/2005,-0.607,-0.521,-0.678,-0.115,0.142,1.267
07/15/2005,-0.61,-0.525,-0.683,-0.116,0.155,1.286
07/22/2005,-0.613,-0.527,-0.687,-0.115,0.165,1.306
07/29/2005,-0.614,-0.525,-0.691,-0.113,0.172,1.327
08/05/2005,-0.613,-0.516,-0.692,-0.11,0.176,1.349
08/12/2005,-0.61,-0.503,-0.69,-0.108,0.175,1.371
08/19/2005,-0.605,-0.486,-0.686,-0.105,0.17,1.394
08/26/2005,-0.599,-0.467,-0.678,-0.103,0.158,1.417
09/02/2005,-0.591,-0.445,-0.667,-0.103,0.141,1.441
09/09/2005,-0.583,-0.424,-0.654,-0.105,0.116,1.465
09/16/2005,-0.576,-0.404,-0.64,-0.108,0.083,1.49
09/23/2005,-0.57,-0.392,-0.627,-0.113,0.043,1.515
09/30/2005,-0.567,-0.39,-0.615,-0.119,-0.004,1.539
10/07/2005,-0.568,-0.406,-0.607,-0.125,-0.057,1.564
10/14/2005,-0.572,-0.435,-0.601,-0.131,-0.114,1.588
10/21/2005,-0.578,-0.472,-0.598,-0.135,-0.171,1.611
10/28/2005,-0.584,-0.507,-0.596,-0.139,-0.227,1.634
11/04/2005,-0.588,-0.534,-0.593,-0.141,-0.277,1.656
11/11/2005,-0.589,-0.546,-0.59,-0.14,-0.319,1.676
11/18/2005,-0.586,-0.542,-0.584,-0.138,-0.351,1.696
11/25/2005,-0.581,-0.525,-0.578,-0.135,-0.371,1.715
12/02/2005,-0.574,-0.501,-0.573,-0.13,-0.38,1.733
12/09/2005,-0.568,-0.474,-0.569,-0.125,-0.379,1.751
12/16/2005,-0.563,-0.45,-0.569,-0.119,-0.369,1.767
12/23/2005,-0.562,-0.436,-0.575,-0.115,-0.352,1.784
12/30/2005,-0.563,-0.431,-0.584,-0.111,-0.332,1.799
01/06/2006,-0.57,-0.44,-0.599,-0.108,-0.311,1.815
01/13/2006,-0.58,-0.458,-0.617,-0.107,-0.294,1.831
01/20/2006,-0.591,-0.479,-0.633,-0.107,-0.282,1.847
01/27/2006,-0.603,-0.502,-0.649,-0.11,-0.278,1.863
02/03/2006,-0.614,-0.521,-0.661,-0.113,-0.282,1.88
02/10/2006,-0.623,-0.535,-0.669,-0.117,-0.294,1.898
02/17/2006,-0.629,-0.547,-0.673,-0.122,-0.311,1.916
02/24/2006,-0.633,-0.556,-0.672,-0.127,-0.334,1.935
03/03/2006,-0.634,-0.563,-0.669,-0.132,-0.359,1.955
03/10/2006,-0.634,-0.566,-0.663,-0.137,-0.384,1.976
03/17/2006,-0.632,-0.564,-0.657,-0.141,-0.408,1.997
03/24/2006,-0.631,-0.557,-0.651,-0.144,-0.431,2.019
03/31/2006,-0.628,-0.546,-0.645,-0.147,-0.451,2.042
04/07/2006,-0.626,-0.535,-0.641,-0.148,-0.468,2.064
04/14/2006,-0.624,-0.526,-0.637,-0.148,-0.483,2.087
04/21/2006,-0.622,-0.52,-0.633,-0.147,-0.497,2.109
04/28/2006,-0.619,-0.515,-0.628,-0.146,-0.508,2.131
05/05/2006,-0.614,-0.507,-0.619,-0.144,-0.517,2.152
05/12/2006,-0.607,-0.497,-0.607,-0.143,-0.523,2.173
05/19/2006,-0.595,-0.482,-0.591,-0.141,-0.525,2.192
05/26/2006,-0.582,-0.464,-0.572,-0.14,-0.525,2.211
06/02/2006,-0.568,-0.446,-0.553,-0.138,-0.521,2.229
06/09/2006,-0.554,-0.432,-0.535,-0.136,-0.514,2.246
06/16/2006,-0.542,-0.421,-0.522,-0.133,-0.503,2.262
06/23/2006,-0.533,-0.414,-0.514,-0.129,-0.491,2.277
06/30/2006,-0.529,-0.413,-0.514,-0.124,-0.478,2.291
07/07/2006,-0.529,-0.419,-0.522,-0.118,-0.466,2.304
07/14/2006,-0.535,-0.431,-0.536,-0.112,-0.457,2.316
07/21/2006,-0.545,-0.45,-0.555,-0.105,-0.452,2.328
07/28/2006,-0.559,-0.473,-0.576,-0.098,-0.452,2.339
08/04/2006,-0.573,-0.497,-0.598,-0.092,-0.456,2.35
08/11/2006,-0.586,-0.518,-0.617,-0.087,-0.464,2.36
08/18/2006,-0.596,-0.533,-0.631,-0.082,-0.475,2.37
08/25/2006,-0.603,-0.541,-0.641,-0.078,-0.487,2.38
09/01/2006,-0.606,-0.545,-0.646,-0.074,-0.5,2.389
09/08/2006,-0.607,-0.546,-0.647,-0.071,-0.51,2.398
09/15/2006,-0.606,-0.55,-0.648,-0.068,-0.517,2.407
09/22/2006,-0.605,-0.559,-0.65,-0.065,-0.52,2.416
09/29/2006,-0.606,-0.573,-0.656,-0.062,-0.518,2.425
10/06/2006,-0.61,-0.594,-0.665,-0.058,-0.513,2.434
10/13/2006,-0.616,-0.616,-0.676,-0.055,-0.504,2.443
10/20/2006,-0.622,-0.637,-0.689,-0.051,-0.494,2.451
10/27/2006,-0.628,-0.651,-0.7,-0.046,-0.482,2.46
11/03/2006,-0.632,-0.654,-0.709,-0.042,-0.47,2.469
11/10/2006,-0.633,-0.645,-0.713,-0.039,-0.457,2.478
11/17/2006,-0.631,-0.62,-0.713,-0.037,-0.444,2.486
11/24/2006,-0.628,-0.583,-0.711,-0.036,-0.431,2.495
12/01/2006,-0.623,-0.54,-0.706,-0.039,-0.417,2.504
12/08/2006,-0.62,-0.5,-0.702,-0.044,-0.402,2.513
12/15/2006,-0.621,-0.475,-0.7,-0.051,-0.387,2.521
12/22/2006,-0.625,-0.469,-0.703,-0.061,-0.372,2.53
12/29/2006,-0.633,-0.479,-0.71,-0.072,-0.357,2.539
01/05/2007,-0.645,-0.503,-0.721,-0.084,-0.344,2.547
01/12/2007,-0.658,-0.53,-0.733,-0.094,-0.334,2.556
01/19/2007,-0.671,-0.556,-0.744,-0.103,-0.329,2.564
01/26/2007,-0.68,-0.578,-0.751,-0.108,-0.329,2.573
02/02/2007,-0.684,-0.593,-0.752,-0.111,-0.332,2.581
02/09/2007,-0.682,-0.601,-0.748,-0.11,-0.338,2.59
02/16/2007,-0.675,-0.599,-0.739,-0.106,-0.344,2.598
02/23/2007,-0.662,-0.587,-0.725,-0.1,-0.349,2.606
03/02/2007,-0.647,-0.562,-0.709,-0.093,-0.352,2.615
03/09/2007,-0.633,-0.535,-0.694,-0.086,-0.35,2.623
03/16/2007,-0.62,-0.511,-0.682,-0.079,-0.343,2.631
03/23/2007,-0.612,-0.499,-0.675,-0.073,-0.332,2.639
03/30/2007,-0.606,-0.498,-0.669,-0.07,-0.316,2.647
04/06/2007,-0.603,-0.505,-0.666,-0.068,-0.297,2.655
04/13/2007,-0.599,-0.508,-0.66,-0.069,-0.276,2.663
04/20/2007,-0.594,-0.5,-0.652,-0.073,-0.254,2.67
04/27/2007,-0.588,-0.477,-0.64,-0.079,-0.231,2.677
05/04/2007,-0.579,-0.446,-0.624,-0.088,-0.206,2.684
05/11/2007,-0.57,-0.42,-0.607,-0.1,-0.179,2.691
05/18/2007,-0.561,-0.402,-0.589,-0.114,-0.147,2.697
05/25/2007,-0.553,-0.39,-0.572,-0.128,-0.109,2.703
06/01/2007,-0.546,-0.379,-0.559,-0.141,-0.064,2.708
06/08/2007,-0.543,-0.365,-0.552,-0.149,-0.01,2.714
06/15/2007,-0.539,-0.342,-0.547,-0.15,0.053,2.718
06/22/2007,-0.534,-0.322,-0.543,-0.141,0.125,2.723
06/29/2007,-0.522,-0.317,-0.534,-0.119,0.204,2.726
07/06/2007,-0.497,-0.327,-0.515,-0.082,0.288,2.73
07/13/2007,-0.452,-0.332,-0.477,-0.03,0.374,2.733
07/20/2007,-0.384,-0.302,-0.415,0.035,0.46,2.735
07/27/2007,-0.29,-0.202,-0.328,0.111,0.545,2.737
08/03/2007,-0.178,-0.022,-0.223,0.191,0.626,2.739
08/10/2007,-0.058,0.219,-0.109,0.271,0.704,2.74
08/17/2007,0.06,0.477,0.002,0.342,0.78,2.741
08/24/2007,0.154,0.686,0.09,0.397,0.854,2.741
08/31/2007,0.206,0.78,0.138,0.432,0.929,2.741
09/07/2007,0.222,0.777,0.152,0.444,1.005,2.741
09/14/2007,0.199,0.688,0.128,0.436,1.084,2.74
09/21/2007,0.142,0.549,0.075,0.413,1.165,2.739
09/28/2007,0.077,0.423,0.01,0.383,1.251,2.739
10/05/2007,0.017,0.327,-0.05,0.355,1.341,2.738
10/12/2007,-0.024,0.271,-0.09,0.334,1.435,2.736
10/19/2007,-0.031,0.259,-0.096,0.328,1.534,2.735
10/26/2007,-0,0.289,-0.063,0.338,1.633,2.734
11/02/2007,0.067,0.374,0.008,0.364,1.73,2.733
11/09/2007,0.164,0.527,0.113,0.403,1.823,2.732
11/16/2007,0.275,0.726,0.231,0.452,1.908,2.73
11/23/2007,0.388,0.947,0.347,0.504,1.983,2.729
11/30/2007,0.481,1.132,0.443,0.552,2.044,2.727
12/07/2007,0.545,1.233,0.503,0.594,2.091,2.725
12/14/2007,0.572,1.233,0.522,0.626,2.123,2.723
12/21/2007,0.561,1.15,0.499,0.649,2.14,2.72
12/28/2007,0.522,1.028,0.442,0.665,2.144,2.716
01/04/2008,0.474,0.93,0.374,0.678,2.137,2.712
01/11/2008,0.43,0.874,0.306,0.696,2.124,2.706
01/18/2008,0.406,0.871,0.258,0.722,2.109,2.7
01/25/2008,0.413,0.904,0.245,0.758,2.096,2.692
02/01/2008,0.443,0.935,0.258,0.804,2.09,2.683
02/08/2008,0.504,0.984,0.305,0.861,2.093,2.673
02/15/2008,0.589,1.067,0.381,0.924,2.104,2.661
02/22/2008,0.689,1.202,0.476,0.987,2.122,2.647
02/29/2008,0.789,1.38,0.579,1.042,2.144,2.633
03/07/2008,0.881,1.569,0.677,1.085,2.167,2.616
03/14/2008,0.942,1.705,0.752,1.106,2.19,2.599
03/21/2008,0.967,1.749,0.797,1.101,2.213,2.58
03/28/2008,0.946,1.681,0.798,1.073,2.237,2.561
04/04/2008,0.894,1.544,0.766,1.025,2.263,2.541
04/11/2008,0.82,1.391,0.708,0.965,2.294,2.52
04/18/2008,0.738,1.263,0.637,0.898,2.333,2.499
04/25/2008,0.652,1.168,0.556,0.834,2.38,2.478
05/02/2008,0.577,1.094,0.48,0.779,2.438,2.458
05/09/2008,0.522,1.025,0.419,0.74,2.505,2.437
05/16/2008,0.49,0.949,0.379,0.718,2.578,2.417
05/23/2008,0.485,0.887,0.365,0.714,2.655,2.398
05/30/2008,0.506,0.874,0.378,0.727,2.73,2.379
06/06/2008,0.552,0.939,0.415,0.754,2.798,2.361
06/13/2008,0.605,1.056,0.461,0.787,2.854,2.343
06/20/2008,0.662,1.196,0.508,0.822,2.895,2.327
06/27/2008,0.714,1.312,0.548,0.856,2.917,2.311
07/04/2008,0.746,1.354,0.57,0.881,2.918,2.296
07/11/2008,0.754,1.326,0.571,0.896,2.899,2.281
07/18/2008,0.745,1.27,0.556,0.902,2.861,2.267
07/25/2008,0.716,1.208,0.526,0.903,2.809,2.253
08/01/2008,0.685,1.176,0.498,0.905,2.748,2.239
08/08/2008,0.67,1.171,0.49,0.914,2.682,2.226
08/15/2008,0.678,1.165,0.514,0.938,2.617,2.213
08/22/2008,0.734,1.176,0.591,0.985,2.559,2.199
08/29/2008,0.842,1.224,0.727,1.058,2.51,2.186
09/05/2008,1.01,1.362,0.928,1.158,2.476,2.172
09/12/2008,1.23,1.644,1.181,1.286,2.462,2.157
09/19/2008,1.514,2.104,1.488,1.443,2.468,2.141
09/26/2008,1.795,2.601,1.791,1.612,2.498,2.125
10/03/2008,2.075,3.069,2.088,1.789,2.548,2.107
10/10/2008,2.327,3.396,2.343,1.97,2.617,2.087
10/17/2008,2.523,3.516,2.54,2.139,2.699,2.065
10/24/2008,2.666,3.48,2.674,2.297,2.792,2.042
10/31/2008,2.789,3.438,2.775,2.44,2.89,2.016
11/07/2008,2.882,3.457,2.837,2.564,2.988,1.988
11/14/2008,2.963,3.599,2.872,2.67,3.083,1.958
11/21/2008,3.04,3.835,2.894,2.751,3.173,1.925
11/28/2008,3.067,4.001,2.878,2.794,3.253,1.889
12/05/2008,3.06,4.054,2.839,2.796,3.328,1.852
12/12/2008,2.996,3.934,2.761,2.753,3.4,1.812
12/19/2008,2.872,3.673,2.645,2.668,3.472,1.77
12/26/2008,2.712,3.379,2.51,2.55,3.545,1.727
01/02/2009,2.56,3.157,2.376,2.425,3.621,1.682
01/09/2009,2.407,3.004,2.248,2.295,3.699,1.635
01/16/2009,2.283,2.919,2.139,2.181,3.774,1.588
01/23/2009,2.193,2.858,2.059,2.087,3.842,1.54
01/30/2009,2.133,2.788,2.001,2.02,3.895,1.491
02/06/2009,2.103,2.726,1.964,1.983,3.928,1.442
02/13/2009,2.104,2.712,1.948,1.973,3.933,1.393
02/20/2009,2.12,2.758,1.942,1.981,3.905,1.343
02/27/2009,2.136,2.85,1.935,1.996,3.84,1.293
03/06/2009,2.14,2.943,1.917,2.007,3.738,1.244
03/13/2009,2.103,2.95,1.87,1.998,3.599,1.193
03/20/2009,2.03,2.858,1.797,1.966,3.431,1.143
03/27/2009,1.925,2.677,1.699,1.909,3.239,1.093
04/03/2009,1.801,2.459,1.584,1.83,3.033,1.042
04/10/2009,1.661,2.25,1.461,1.73,2.821,0.991
04/17/2009,1.519,2.087,1.336,1.619,2.612,0.939
04/24/2009,1.379,1.958,1.215,1.503,2.412,0.888
05/01/2009,1.244,1.829,1.102,1.385,2.229,0.835
05/08/2009,1.12,1.682,1.002,1.274,2.063,0.783
05/15/2009,1.019,1.524,0.919,1.177,1.919,0.729
05/22/2009,0.935,1.372,0.853,1.093,1.796,0.676
05/29/2009,0.876,1.271,0.808,1.025,1.69,0.622
06/05/2009,0.829,1.226,0.771,0.969,1.599,0.568
06/12/2009,0.793,1.232,0.739,0.926,1.519,0.513
06/19/2009,0.762,1.259,0.706,0.892,1.447,0.459
06/26/2009,0.725,1.254,0.667,0.859,1.377,0.405
07/03/2009,0.68,1.197,0.621,0.824,1.306,0.352
07/10/2009,0.625,1.088,0.569,0.784,1.234,0.3
07/17/2009,0.558,0.947,0.51,0.737,1.157,0.249
07/24/2009,0.487,0.81,0.451,0.686,1.078,0.199
07/31/2009,0.418,0.706,0.394,0.635,0.998,0.152
08/07/2009,0.358,0.642,0.342,0.588,0.918,0.106
08/14/2009,0.309,0.607,0.296,0.546,0.843,0.063
08/21/2009,0.269,0.579,0.257,0.508,0.774,0.022
08/28/2009,0.232,0.539,0.223,0.473,0.714,-0.016
09/04/2009,0.2,0.488,0.192,0.443,0.664,-0.052
09/11/2009,0.167,0.429,0.163,0.414,0.625,-0.086
09/18/2009,0.134,0.376,0.136,0.387,0.597,-0.118
09/25/2009,0.105,0.342,0.11,0.365,0.581,-0.148
10/02/2009,0.083,0.33,0.088,0.349,0.574,-0.176
10/09/2009,0.062,0.325,0.066,0.336,0.575,-0.203
10/16/2009,0.045,0.315,0.048,0.324,0.583,-0.228
10/23/2009,0.032,0.296,0.033,0.313,0.596,-0.252
10/30/2009,0.024,0.273,0.021,0.303,0.611,-0.276
11/06/2009,0.015,0.245,0.012,0.289,0.627,-0.299
11/13/2009,0.003,0.221,0.002,0.27,0.641,-0.321
11/20/2009,-0.01,0.204,-0.006,0.245,0.653,-0.343
11/27/2009,-0.029,0.186,-0.013,0.212,0.662,-0.365
12/04/2009,-0.053,0.156,-0.022,0.173,0.667,-0.387
12/11/2009,-0.084,0.107,-0.032,0.13,0.668,-0.41
12/18/2009,-0.116,0.043,-0.043,0.087,0.665,-0.432
12/25/2009,-0.147,-0.025,-0.055,0.049,0.657,-0.455
01/01/2010,-0.172,-0.078,-0.067,0.02,0.644,-0.479
01/08/2010,-0.192,-0.109,-0.079,0.002,0.626,-0.502
01/15/2010,-0.201,-0.109,-0.09,-0.003,0.601,-0.526
01/22/2010,-0.2,-0.085,-0.099,0.002,0.569,-0.551
01/29/2010,-0.196,-0.061,-0.108,0.012,0.53,-0.576
02/05/2010,-0.193,-0.05,-0.118,0.021,0.483,-0.602
02/12/2010,-0.196,-0.062,-0.132,0.025,0.43,-0.627
02/19/2010,-0.213,-0.101,-0.153,0.018,0.371,-0.653
02/26/2010,-0.242,-0.151,-0.18,0,0.308,-0.679
03/05/2010,-0.281,-0.204,-0.213,-0.028,0.244,-0.705
03/12/2010,-0.327,-0.254,-0.249,-0.062,0.182,-0.731
03/19/2010,-0.372,-0.299,-0.282,-0.098,0.125,-0.756
03/26/2010,-0.413,-0.345,-0.31,-0.13,0.077,-0.78
04/02/2010,-0.441,-0.391,-0.327,-0.153,0.038,-0.804
04/09/2010,-0.453,-0.426,-0.329,-0.162,0.011,-0.827
04/16/2010,-0.442,-0.433,-0.313,-0.155,-0.005,-0.848
04/23/2010,-0.406,-0.399,-0.276,-0.13,-0.01,-0.869
04/30/2010,-0.347,-0.317,-0.222,-0.09,-0.007,-0.887
05/07/2010,-0.271,-0.2,-0.154,-0.038,0.003,-0.904
05/14/2010,-0.195,-0.083,-0.086,0.015,0.015,-0.92
05/21/2010,-0.122,0.02,-0.022,0.068,0.028,-0.933
05/28/2010,-0.068,0.083,0.026,0.111,0.04,-0.945
06/04/2010,-0.037,0.104,0.055,0.139,0.048,-0.956
06/11/2010,-0.027,0.099,0.063,0.154,0.052,-0.965
06/18/2010,-0.042,0.071,0.051,0.153,0.051,-0.973
06/25/2010,-0.069,0.037,0.025,0.141,0.047,-0.98
07/02/2010,-0.103,-0.003,-0.011,0.122,0.039,-0.987
07/09/2010,-0.145,-0.055,-0.053,0.098,0.028,-0.993
07/16/2010,-0.185,-0.112,-0.094,0.074,0.016,-0.999
07/23/2010,-0.218,-0.163,-0.131,0.054,0.003,-1.005
07/30/2010,-0.243,-0.198,-0.16,0.039,-0.009,-1.012
08/06/2010,-0.257,-0.209,-0.181,0.031,-0.021,-1.019
08/13/2010,-0.262,-0.198,-0.195,0.029,-0.031,-1.028
08/20/2010,-0.264,-0.181,-0.205,0.029,-0.039,-1.037
08/27/2010,-0.266,-0.172,-0.213,0.027,-0.043,-1.048
09/03/2010,-0.273,-0.181,-0.222,0.022,-0.044,-1.059
09/10/2010,-0.288,-0.209,-0.233,0.009,-0.04,-1.072
09/17/2010,-0.307,-0.245,-0.246,-0.011,-0.03,-1.085
09/24/2010,-0.329,-0.276,-0.26,-0.035,-0.016,-1.099
10/01/2010,-0.353,-0.302,-0.273,-0.066,0.003,-1.113
10/08/2010,-0.377,-0.323,-0.284,-0.099,0.024,-1.127
10/15/2010,-0.398,-0.345,-0.292,-0.133,0.046,-1.142
10/22/2010,-0.416,-0.369,-0.295,-0.165,0.067,-1.156
10/29/2010,-0.429,-0.393,-0.294,-0.195,0.086,-1.169
11/05/2010,-0.438,-0.409,-0.291,-0.22,0.099,-1.182
11/12/2010,-0.442,-0.412,-0.285,-0.239,0.107,-1.194
11/19/2010,-0.444,-0.409,-0.279,-0.256,0.108,-1.204
11/26/2010,-0.447,-0.405,-0.274,-0.27,0.102,-1.213
12/03/2010,-0.452,-0.413,-0.273,-0.284,0.088,-1.222
12/10/2010,-0.464,-0.438,-0.278,-0.3,0.069,-1.228
12/17/2010,-0.479,-0.473,-0.287,-0.317,0.045,-1.234
12/24/2010,-0.498,-0.51,-0.302,-0.334,0.019,-1.239
12/31/2010,-0.519,-0.539,-0.319,-0.351,-0.009,-1.242
01/07/2011,-0.541,-0.557,-0.338,-0.367,-0.035,-1.245
01/14/2011,-0.561,-0.571,-0.356,-0.381,-0.06,-1.247
01/21/2011,-0.579,-0.589,-0.369,-0.393,-0.08,-1.249
01/28/2011,-0.591,-0.612,-0.377,-0.402,-0.096,-1.25
02/04/2011,-0.596,-0.637,-0.379,-0.406,-0.107,-1.251
02/11/2011,-0.594,-0.651,-0.375,-0.404,-0.113,-1.252
02/18/2011,-0.585,-0.641,-0.367,-0.398,-0.113,-1.253
02/25/2011,-0.57,-0.607,-0.357,-0.388,-0.108,-1.254
03/04/2011,-0.557,-0.562,-0.349,-0.378,-0.097,-1.256
03/11/2011,-0.547,-0.523,-0.346,-0.368,-0.082,-1.257
03/18/2011,-0.541,-0.505,-0.347,-0.361,-0.063,-1.26
03/25/2011,-0.546,-0.516,-0.358,-0.359,-0.041,-1.262
04/01/2011,-0.557,-0.545,-0.374,-0.36,-0.016,-1.265
04/08/2011,-0.571,-0.577,-0.391,-0.363,0.009,-1.268
04/15/2011,-0.584,-0.597,-0.408,-0.367,0.035,-1.271
04/22/2011,-0.593,-0.601,-0.421,-0.37,0.059,-1.275
04/29/2011,-0.597,-0.6,-0.428,-0.37,0.081,-1.279
05/06/2011,-0.594,-0.599,-0.428,-0.367,0.1,-1.284
05/13/2011,-0.585,-0.603,-0.424,-0.36,0.116,-1.289
05/20/2011,-0.573,-0.609,-0.416,-0.351,0.131,-1.294
05/27/2011,-0.559,-0.606,-0.406,-0.341,0.146,-1.299
06/03/2011,-0.546,-0.589,-0.395,-0.332,0.163,-1.304
06/10/2011,-0.533,-0.558,-0.383,-0.323,0.184,-1.31
06/17/2011,-0.525,-0.531,-0.372,-0.317,0.212,-1.315
06/24/2011,-0.517,-0.518,-0.361,-0.311,0.25,-1.321
07/01/2011,-0.51,-0.526,-0.349,-0.304,0.298,-1.327
07/08/2011,-0.498,-0.54,-0.334,-0.291,0.358,-1.333
07/15/2011,-0.475,-0.537,-0.313,-0.269,0.429,-1.339
07/22/2011,-0.441,-0.499,-0.284,-0.238,0.51,-1.344
07/29/2011,-0.392,-0.419,-0.247,-0.195,0.597,-1.35
08/05/2011,-0.329,-0.306,-0.201,-0.142,0.689,-1.356
08/12/2011,-0.258,-0.19,-0.151,-0.083,0.781,-1.362
08/19/2011,-0.195,-0.103,-0.106,-0.026,0.866,-1.368
08/26/2011,-0.137,-0.042,-0.064,0.027,0.941,-1.374
09/02/2011,-0.094,-0.007,-0.033,0.069,1.004,-1.38
09/09/2011,-0.062,0.023,-0.009,0.102,1.051,-1.387
09/16/2011,-0.045,0.053,0.006,0.122,1.08,-1.393
09/23/2011,-0.036,0.082,0.014,0.131,1.093,-1.4
09/30/2011,-0.038,0.092,0.015,0.129,1.088,-1.406
10/07/2011,-0.05,0.072,0.01,0.12,1.067,-1.413
10/14/2011,-0.071,0.021,0.001,0.105,1.032,-1.419
10/21/2011,-0.089,-0.033,-0.006,0.092,0.986,-1.426
10/28/2011,-0.103,-0.07,-0.011,0.082,0.932,-1.432
11/04/2011,-0.104,-0.069,-0.01,0.081,0.873,-1.439
11/11/2011,-0.097,-0.038,-0.005,0.086,0.811,-1.445
11/18/2011,-0.085,0.007,0.001,0.096,0.749,-1.451
11/25/2011,-0.072,0.043,0.006,0.106,0.688,-1.456
12/02/2011,-0.071,0.049,0.004,0.111,0.629,-1.462
12/09/2011,-0.077,0.034,-0.004,0.11,0.571,-1.467
12/16/2011,-0.09,0.01,-0.019,0.102,0.516,-1.472
12/23/2011,-0.115,-0.018,-0.041,0.085,0.463,-1.476
12/30/2011,-0.148,-0.05,-0.07,0.06,0.411,-1.48
01/06/2012,-0.19,-0.089,-0.105,0.03,0.362,-1.483
01/13/2012,-0.236,-0.143,-0.145,-0.004,0.315,-1.485
01/20/2012,-0.281,-0.21,-0.185,-0.038,0.272,-1.487
01/27/2012,-0.323,-0.274,-0.222,-0.069,0.232,-1.487
02/03/2012,-0.355,-0.321,-0.254,-0.095,0.197,-1.487
02/10/2012,-0.379,-0.345,-0.281,-0.115,0.168,-1.486
02/17/2012,-0.395,-0.35,-0.301,-0.129,0.144,-1.484
02/24/2012,-0.407,-0.353,-0.316,-0.14,0.126,-1.481
03/02/2012,-0.418,-0.368,-0.327,-0.15,0.113,-1.478
03/09/2012,-0.426,-0.391,-0.335,-0.156,0.107,-1.473
03/16/2012,-0.434,-0.42,-0.339,-0.162,0.107,-1.468
03/23/2012,-0.437,-0.438,-0.34,-0.164,0.114,-1.462
03/30/2012,-0.435,-0.436,-0.338,-0.161,0.126,-1.456
04/06/2012,-0.427,-0.418,-0.332,-0.152,0.143,-1.45
04/13/2012,-0.415,-0.393,-0.325,-0.136,0.163,-1.443
04/20/2012,-0.399,-0.372,-0.317,-0.115,0.186,-1.437
04/27/2012,-0.378,-0.354,-0.305,-0.088,0.209,-1.431
05/04/2012,-0.352,-0.332,-0.291,-0.057,0.231,-1.425
05/11/2012,-0.321,-0.298,-0.273,-0.023,0.25,-1.42
05/18/2012,-0.288,-0.249,-0.255,0.01,0.265,-1.415
05/25/2012,-0.261,-0.2,-0.24,0.038,0.275,-1.41
06/01/2012,-0.243,-0.161,-0.23,0.06,0.278,-1.406
06/08/2012,-0.235,-0.148,-0.227,0.072,0.277,-1.403
06/15/2012,-0.241,-0.164,-0.234,0.076,0.27,-1.401
06/22/2012,-0.256,-0.201,-0.248,0.071,0.261,-1.399
06/29/2012,-0.275,-0.24,-0.267,0.062,0.25,-1.397
07/06/2012,-0.298,-0.273,-0.29,0.048,0.238,-1.396
07/13/2012,-0.322,-0.293,-0.315,0.032,0.226,-1.395
07/20/2012,-0.346,-0.307,-0.341,0.015,0.215,-1.395
07/27/2012,-0.367,-0.321,-0.365,-0.002,0.205,-1.395
08/03/2012,-0.389,-0.343,-0.388,-0.02,0.197,-1.396
08/10/2012,-0.408,-0.37,-0.409,-0.037,0.19,-1.397
08/17/2012,-0.426,-0.398,-0.428,-0.054,0.183,-1.398
08/24/2012,-0.444,-0.423,-0.445,-0.072,0.175,-1.399
08/31/2012,-0.461,-0.443,-0.46,-0.089,0.166,-1.4
09/07/2012,-0.48,-0.461,-0.475,-0.106,0.156,-1.402
09/14/2012,-0.499,-0.484,-0.49,-0.122,0.143,-1.403
09/21/2012,-0.515,-0.511,-0.504,-0.136,0.129,-1.405
09/28/2012,-0.528,-0.538,-0.516,-0.144,0.11,-1.407
10/05/2012,-0.539,-0.564,-0.528,-0.149,0.09,-1.409
10/12/2012,-0.546,-0.579,-0.539,-0.149,0.066,-1.411
10/19/2012,-0.55,-0.583,-0.548,-0.144,0.04,-1.413
10/26/2012,-0.55,-0.576,-0.556,-0.136,0.011,-1.415
11/02/2012,-0.549,-0.565,-0.563,-0.128,-0.02,-1.416
11/09/2012,-0.547,-0.558,-0.567,-0.12,-0.053,-1.418
11/16/2012,-0.547,-0.556,-0.571,-0.115,-0.089,-1.42
11/23/2012,-0.55,-0.563,-0.574,-0.116,-0.126,-1.421
11/30/2012,-0.556,-0.57,-0.575,-0.121,-0.164,-1.422
12/07/2012,-0.564,-0.578,-0.576,-0.132,-0.203,-1.423
12/14/2012,-0.576,-0.586,-0.577,-0.147,-0.24,-1.424
12/21/2012,-0.588,-0.595,-0.578,-0.164,-0.277,-1.424
12/28/2012,-0.6,-0.605,-0.581,-0.18,-0.31,-1.423
01/04/2013,-0.615,-0.623,-0.587,-0.197,-0.338,-1.423
01/11/2013,-0.627,-0.64,-0.594,-0.211,-0.362,-1.421
01/18/2013,-0.637,-0.651,-0.6,-0.221,-0.379,-1.419
01/25/2013,-0.643,-0.657,-0.605,-0.23,-0.391,-1.416
02/01/2013,-0.647,-0.655,-0.609,-0.235,-0.397,-1.412
02/08/2013,-0.648,-0.652,-0.611,-0.238,-0.4,-1.408
02/15/2013,-0.65,-0.656,-0.612,-0.241,-0.399,-1.402
02/22/2013,-0.651,-0.668,-0.612,-0.243,-0.397,-1.396
03/01/2013,-0.651,-0.686,-0.611,-0.246,-0.394,-1.389
03/08/2013,-0.653,-0.711,-0.609,-0.252,-0.39,-1.381
03/15/2013,-0.656,-0.732,-0.607,-0.26,-0.387,-1.372
03/22/2013,-0.659,-0.746,-0.604,-0.27,-0.385,-1.363
03/29/2013,-0.664,-0.757,-0.603,-0.283,-0.383,-1.354
04/05/2013,-0.671,-0.765,-0.603,-0.299,-0.383,-1.344
04/12/2013,-0.681,-0.775,-0.605,-0.316,-0.384,-1.334
04/19/2013,-0.692,-0.788,-0.606,-0.333,-0.389,-1.324
04/26/2013,-0.704,-0.805,-0.608,-0.35,-0.396,-1.314
05/03/2013,-0.714,-0.821,-0.608,-0.364,-0.408,-1.305
05/10/2013,-0.718,-0.832,-0.604,-0.372,-0.425,-1.296
05/17/2013,-0.716,-0.83,-0.595,-0.374,-0.447,-1.287
05/24/2013,-0.707,-0.814,-0.582,-0.37,-0.475,-1.279
05/31/2013,-0.69,-0.783,-0.565,-0.361,-0.507,-1.271
06/07/2013,-0.671,-0.743,-0.547,-0.348,-0.544,-1.264
06/14/2013,-0.652,-0.702,-0.53,-0.334,-0.584,-1.257
06/21/2013,-0.637,-0.671,-0.516,-0.322,-0.624,-1.251
06/28/2013,-0.63,-0.658,-0.508,-0.313,-0.665,-1.245
07/05/2013,-0.63,-0.664,-0.506,-0.309,-0.703,-1.24
07/12/2013,-0.637,-0.686,-0.51,-0.309,-0.736,-1.235
07/19/2013,-0.649,-0.716,-0.519,-0.312,-0.763,-1.23
07/26/2013,-0.66,-0.742,-0.528,-0.316,-0.782,-1.226
08/02/2013,-0.669,-0.757,-0.536,-0.32,-0.792,-1.222
08/09/2013,-0.673,-0.759,-0.541,-0.322,-0.794,-1.218
08/16/2013,-0.672,-0.752,-0.543,-0.324,-0.786,-1.214
08/23/2013,-0.668,-0.742,-0.543,-0.324,-0.768,-1.21
08/30/2013,-0.665,-0.736,-0.542,-0.324,-0.743,-1.206
09/06/2013,-0.663,-0.736,-0.543,-0.326,-0.71,-1.201
09/13/2013,-0.665,-0.741,-0.547,-0.329,-0.672,-1.197
09/20/2013,-0.669,-0.748,-0.554,-0.333,-0.63,-1.193
09/27/2013,-0.677,-0.754,-0.563,-0.34,-0.586,-1.188
10/04/2013,-0.686,-0.758,-0.575,-0.348,-0.544,-1.183
10/11/2013,-0.698,-0.766,-0.588,-0.358,-0.504,-1.179
10/18/2013,-0.712,-0.779,-0.603,-0.369,-0.468,-1.173
10/25/2013,-0.726,-0.797,-0.617,-0.38,-0.437,-1.168
11/01/2013,-0.738,-0.818,-0.631,-0.391,-0.411,-1.163
11/08/2013,-0.748,-0.837,-0.642,-0.401,-0.39,-1.157
11/15/2013,-0.757,-0.85,-0.651,-0.411,-0.373,-1.151
11/22/2013,-0.764,-0.856,-0.657,-0.419,-0.361,-1.146
11/29/2013,-0.769,-0.86,-0.66,-0.427,-0.35,-1.14
12/06/2013,-0.773,-0.865,-0.661,-0.433,-0.341,-1.135
12/13/2013,-0.776,-0.874,-0.662,-0.437,-0.332,-1.129
12/20/2013,-0.778,-0.888,-0.662,-0.439,-0.321,-1.124
12/27/2013,-0.778,-0.901,-0.663,-0.439,-0.309,-1.12
01/03/2014,-0.776,-0.905,-0.663,-0.435,-0.295,-1.116
01/10/2014,-0.773,-0.9,-0.665,-0.43,-0.28,-1.112
01/17/2014,-0.769,-0.887,-0.667,-0.423,-0.263,-1.109
01/24/2014,-0.765,-0.872,-0.671,-0.416,-0.247,-1.107
01/31/2014,-0.763,-0.863,-0.675,-0.411,-0.233,-1.105
02/07/2014,-0.764,-0.865,-0.681,-0.407,-0.221,-1.104
02/14/2014,-0.767,-0.875,-0.688,-0.405,-0.214,-1.104
02/21/2014,-0.772,-0.885,-0.695,-0.404,-0.212,-1.105
02/28/2014,-0.776,-0.89,-0.7,-0.402,-0.216,-1.106
03/07/2014,-0.779,-0.883,-0.705,-0.4,-0.226,-1.108
03/14/2014,-0.779,-0.868,-0.708,-0.396,-0.242,-1.111
03/21/2014,-0.779,-0.852,-0.71,-0.39,-0.262,-1.114
03/28/2014,-0.776,-0.837,-0.71,-0.384,-0.286,-1.117
04/04/2014,-0.774,-0.829,-0.71,-0.377,-0.311,-1.12
04/11/2014,-0.771,-0.825,-0.711,-0.371,-0.336,-1.123
04/18/2014,-0.769,-0.82,-0.711,-0.366,-0.359,-1.126
04/25/2014,-0.769,-0.813,-0.713,-0.363,-0.379,-1.129
05/02/2014,-0.77,-0.806,-0.716,-0.361,-0.395,-1.13
05/09/2014,-0.773,-0.801,-0.719,-0.362,-0.406,-1.132
05/16/2014,-0.777,-0.804,-0.723,-0.365,-0.41,-1.132
05/23/2014,-0.783,-0.816,-0.726,-0.369,-0.408,-1.132
05/30/2014,-0.789,-0.832,-0.73,-0.374,-0.399,-1.13
06/06/2014,-0.792,-0.847,-0.731,-0.378,-0.382,-1.128
06/13/2014,-0.793,-0.855,-0.73,-0.381,-0.36,-1.125
06/20/2014,-0.789,-0.854,-0.726,-0.382,-0.333,-1.121
06/27/2014,-0.782,-0.845,-0.719,-0.381,-0.304,-1.116
07/04/2014,-0.772,-0.83,-0.71,-0.378,-0.275,-1.111
07/11/2014,-0.761,-0.814,-0.7,-0.374,-0.249,-1.105
07/18/2014,-0.749,-0.798,-0.69,-0.368,-0.228,-1.098
07/25/2014,-0.739,-0.786,-0.682,-0.362,-0.214,-1.091
08/01/2014,-0.73,-0.777,-0.675,-0.355,-0.207,-1.084
08/08/2014,-0.725,-0.776,-0.671,-0.348,-0.207,-1.076
08/15/2014,-0.725,-0.782,-0.67,-0.341,-0.214,-1.068
08/22/2014,-0.724,-0.791,-0.669,-0.332,-0.225,-1.06
08/29/2014,-0.722,-0.8,-0.668,-0.321,-0.238,-1.051
09/05/2014,-0.716,-0.804,-0.664,-0.309,-0.251,-1.043
09/12/2014,-0.706,-0.799,-0.657,-0.295,-0.261,-1.034
09/19/2014,-0.691,-0.784,-0.646,-0.282,-0.266,-1.026
09/26/2014,-0.673,-0.761,-0.633,-0.269,-0.266,-1.017
10/03/2014,-0.657,-0.739,-0.62,-0.26,-0.261,-1.009
10/10/2014,-0.646,-0.724,-0.61,-0.254,-0.25,-1.001
10/17/2014,-0.638,-0.717,-0.603,-0.251,-0.236,-0.993
10/24/2014,-0.639,-0.725,-0.604,-0.251,-0.221,-0.986
10/31/2014,-0.644,-0.739,-0.609,-0.252,-0.205,-0.978
11/07/2014,-0.651,-0.755,-0.616,-0.253,-0.192,-0.971
11/14/2014,-0.656,-0.763,-0.621,-0.252,-0.181,-0.965
11/21/2014,-0.656,-0.76,-0.623,-0.247,-0.174,-0.959
11/28/2014,-0.649,-0.746,-0.619,-0.239,-0.172,-0.953
12/05/2014,-0.637,-0.724,-0.61,-0.226,-0.173,-0.947
12/12/2014,-0.617,-0.696,-0.594,-0.209,-0.179,-0.942
12/19/2014,-0.594,-0.671,-0.575,-0.191,-0.188,-0.937
12/26/2014,-0.572,-0.649,-0.555,-0.172,-0.201,-0.932
01/02/2015,-0.55,-0.628,-0.535,-0.154,-0.216,-0.928
01/09/2015,-0.532,-0.609,-0.517,-0.138,-0.233,-0.923
01/16/2015,-0.517,-0.589,-0.502,-0.125,-0.252,-0.919
01/23/2015,-0.509,-0.573,-0.492,-0.116,-0.271,-0.915
01/30/2015,-0.505,-0.563,-0.487,-0.111,-0.288,-0.91
02/06/2015,-0.507,-0.561,-0.486,-0.109,-0.304,-0.906
02/13/2015,-0.511,-0.566,-0.489,-0.11,-0.316,-0.902
02/20/2015,-0.518,-0.575,-0.495,-0.113,-0.323,-0.898
02/27/2015,-0.525,-0.584,-0.503,-0.115,-0.324,-0.894
03/06/2015,-0.53,-0.586,-0.512,-0.117,-0.321,-0.889
03/13/2015,-0.534,-0.584,-0.52,-0.118,-0.314,-0.885
03/20/2015,-0.537,-0.58,-0.527,-0.119,-0.302,-0.881
03/27/2015,-0.539,-0.578,-0.535,-0.118,-0.289,-0.876
04/03/2015,-0.54,-0.579,-0.541,-0.117,-0.274,-0.872
04/10/2015,-0.542,-0.582,-0.547,-0.116,-0.259,-0.867
04/17/2015,-0.543,-0.583,-0.551,-0.115,-0.245,-0.863
04/24/2015,-0.545,-0.582,-0.555,-0.114,-0.234,-0.858
05/01/2015,-0.546,-0.575,-0.558,-0.114,-0.226,-0.853
05/08/2015,-0.546,-0.565,-0.558,-0.113,-0.223,-0.848
05/15/2015,-0.546,-0.561,-0.559,-0.113,-0.223,-0.843
05/22/2015,-0.547,-0.561,-0.559,-0.112,-0.227,-0.838
05/29/2015,-0.546,-0.565,-0.558,-0.111,-0.234,-0.832
06/05/2015,-0.546,-0.569,-0.558,-0.11,-0.241,-0.827
06/12/2015,-0.545,-0.568,-0.557,-0.107,-0.248,-0.822
06/19/2015,-0.542,-0.559,-0.556,-0.102,-0.251,-0.816
06/26/2015,-0.539,-0.548,-0.556,-0.096,-0.251,-0.811
07/03/2015,-0.534,-0.534,-0.554,-0.088,-0.244,-0.805
07/10/2015,-0.529,-0.525,-0.554,-0.076,-0.23,-0.8
07/17/2015,-0.524,-0.524,-0.553,-0.064,-0.209,-0.794
07/24/2015,-0.514,-0.521,-0.55,-0.049,-0.18,-0.789
07/31/2015,-0.5,-0.514,-0.541,-0.032,-0.144,-0.784
08/07/2015,-0.481,-0.498,-0.529,-0.015,-0.103,-0.778
08/14/2015,-0.459,-0.474,-0.514,0.001,-0.059,-0.773
08/21/2015,-0.437,-0.445,-0.497,0.016,-0.015,-0.768
08/28/2015,-0.417,-0.42,-0.482,0.028,0.026,-0.762
09/04/2015,-0.404,-0.405,-0.473,0.038,0.061,-0.757
09/11/2015,-0.398,-0.4,-0.471,0.045,0.087,-0.752
09/18/2015,-0.398,-0.404,-0.475,0.048,0.104,-0.747
09/25/2015,-0.404,-0.413,-0.485,0.049,0.11,-0.742
10/02/2015,-0.414,-0.424,-0.499,0.049,0.106,-0.737
10/09/2015,-0.429,-0.44,-0.518,0.046,0.093,-0.731
10/16/2015,-0.444,-0.453,-0.536,0.044,0.073,-0.726
10/23/2015,-0.457,-0.465,-0.553,0.043,0.046,-0.721
10/30/2015,-0.466,-0.477,-0.566,0.045,0.016,-0.717
11/06/2015,-0.47,-0.483,-0.574,0.051,-0.015,-0.712
11/13/2015,-0.466,-0.482,-0.575,0.06,-0.045,-0.707
11/20/2015,-0.457,-0.47,-0.569,0.073,-0.072,-0.702
11/27/2015,-0.443,-0.447,-0.558,0.089,-0.093,-0.697
12/04/2015,-0.424,-0.415,-0.542,0.108,-0.107,-0.693
12/11/2015,-0.402,-0.378,-0.525,0.129,-0.111,-0.688
12/18/2015,-0.381,-0.345,-0.508,0.151,-0.106,-0.684
12/25/2015,-0.361,-0.319,-0.494,0.172,-0.092,-0.68
01/01/2016,-0.343,-0.305,-0.483,0.193,-0.072,-0.676
01/08/2016,-0.328,-0.298,-0.474,0.211,-0.045,-0.672
01/15/2016,-0.315,-0.293,-0.469,0.227,-0.015,-0.668
01/22/2016,-0.305,-0.287,-0.466,0.239,0.016,-0.664
01/29/2016,-0.298,-0.278,-0.466,0.247,0.046,-0.661
02/05/2016,-0.295,-0.268,-0.468,0.251,0.074,-0.658
02/12/2016,-0.295,-0.261,-0.471,0.249,0.097,-0.655
02/19/2016,-0.303,-0.267,-0.478,0.241,0.116,-0.652
02/26/2016,-0.316,-0.282,-0.486,0.228,0.129,-0.65
03/04/2016,-0.331,-0.302,-0.495,0.211,0.136,-0.647
03/11/2016,-0.347,-0.32,-0.503,0.194,0.137,-0.645
03/18/2016,-0.36,-0.332,-0.511,0.178,0.132,-0.643
03/25/2016,-0.37,-0.332,-0.516,0.166,0.122,-0.642
04/01/2016,-0.377,-0.324,-0.52,0.156,0.108,-0.64
04/08/2016,-0.38,-0.312,-0.522,0.15,0.089,-0.639
04/15/2016,-0.383,-0.303,-0.523,0.147,0.068,-0.638
04/22/2016,-0.385,-0.299,-0.523,0.147,0.048,-0.637
04/29/2016,-0.385,-0.297,-0.523,0.15,0.03,-0.635
05/06/2016,-0.383,-0.295,-0.522,0.155,0.016,-0.634
05/13/2016,-0.381,-0.293,-0.522,0.16,0.008,-0.633
05/20/2016,-0.378,-0.288,-0.52,0.166,0.007,-0.632
05/27/2016,-0.373,-0.279,-0.517,0.172,0.012,-0.632
06/03/2016,-0.367,-0.268,-0.513,0.177,0.024,-0.631
06/10/2016,-0.36,-0.255,-0.509,0.181,0.04,-0.63
06/17/2016,-0.352,-0.242,-0.505,0.185,0.058,-0.629
06/24/2016,-0.347,-0.232,-0.501,0.185,0.077,-0.628
07/01/2016,-0.344,-0.225,-0.498,0.184,0.094,-0.628
07/08/2016,-0.345,-0.225,-0.495,0.178,0.107,-0.627
07/15/2016,-0.349,-0.23,-0.492,0.17,0.115,-0.626
07/22/2016,-0.353,-0.236,-0.488,0.16,0.117,-0.626
07/29/2016,-0.358,-0.243,-0.483,0.151,0.114,-0.625
08/05/2016,-0.36,-0.243,-0.477,0.144,0.106,-0.625
08/12/2016,-0.36,-0.238,-0.471,0.14,0.092,-0.625
08/19/2016,-0.358,-0.226,-0.465,0.139,0.074,-0.624
08/26/2016,-0.353,-0.209,-0.458,0.142,0.052,-0.624
09/02/2016,-0.346,-0.191,-0.453,0.147,0.026,-0.624
09/09/2016,-0.34,-0.177,-0.449,0.154,-0.005,-0.624
09/16/2016,-0.336,-0.169,-0.448,0.16,-0.039,-0.624
09/23/2016,-0.334,-0.168,-0.449,0.164,-0.079,-0.623
09/30/2016,-0.337,-0.174,-0.453,0.166,-0.125,-0.623
10/07/2016,-0.345,-0.187,-0.46,0.163,-0.179,-0.623
10/14/2016,-0.354,-0.204,-0.466,0.158,-0.239,-0.622
10/21/2016,-0.365,-0.226,-0.473,0.15,-0.307,-0.621
10/28/2016,-0.378,-0.255,-0.48,0.139,-0.38,-0.62
11/04/2016,-0.39,-0.288,-0.484,0.127,-0.457,-0.619
11/11/2016,-0.405,-0.323,-0.489,0.113,-0.535,-0.617
11/18/2016,-0.417,-0.353,-0.492,0.099,-0.609,-0.615
11/25/2016,-0.429,-0.375,-0.494,0.086,-0.678,-0.613
12/02/2016,-0.438,-0.387,-0.495,0.073,-0.737,-0.61
12/09/2016,-0.447,-0.391,-0.496,0.061,-0.785,-0.607
12/16/2016,-0.454,-0.389,-0.497,0.049,-0.82,-0.604
12/23/2016,-0.459,-0.385,-0.499,0.039,-0.842,-0.6
12/30/2016,-0.466,-0.384,-0.501,0.029,-0.851,-0.597
01/06/2017,-0.471,-0.383,-0.503,0.019,-0.848,-0.593
01/13/2017,-0.477,-0.384,-0.506,0.01,-0.836,-0.589
01/20/2017,-0.482,-0.384,-0.508,0.001,-0.816,-0.585
01/27/2017,-0.485,-0.385,-0.509,-0.006,-0.79,-0.581
02/03/2017,-0.488,-0.386,-0.51,-0.011,-0.76,-0.577
02/10/2017,-0.489,-0.392,-0.511,-0.014,-0.727,-0.573
02/17/2017,-0.489,-0.398,-0.511,-0.015,-0.692,-0.57
02/24/2017,-0.486,-0.405,-0.512,-0.013,-0.656,-0.566
03/03/2017,-0.484,-0.413,-0.514,-0.009,-0.621,-0.563
03/10/2017,-0.482,-0.417,-0.517,-0.005,-0.586,-0.56
03/17/2017,-0.48,-0.417,-0.519,-0.002,-0.551,-0.557
03/24/2017,-0.478,-0.417,-0.523,0.001,-0.518,-0.554
03/31/2017,-0.479,-0.42,-0.528,0.001,-0.487,-0.552
04/07/2017,-0.483,-0.424,-0.534,-0,-0.459,-0.55
04/14/2017,-0.488,-0.43,-0.544,-0.002,-0.435,-0.548
04/21/2017,-0.496,-0.437,-0.555,-0.005,-0.416,-0.547
04/28/2017,-0.507,-0.446,-0.569,-0.009,-0.401,-0.545
05/05/2017,-0.517,-0.454,-0.584,-0.012,-0.392,-0.544
05/12/2017,-0.527,-0.465,-0.598,-0.016,-0.386,-0.544
05/19/2017,-0.536,-0.476,-0.611,-0.02,-0.385,-0.543
05/26/2017,-0.545,-0.49,-0.62,-0.025,-0.387,-0.544
06/02/2017,-0.552,-0.5,-0.627,-0.031,-0.391,-0.544
06/09/2017,-0.558,-0.506,-0.631,-0.038,-0.397,-0.544
06/16/2017,-0.562,-0.51,-0.632,-0.045,-0.402,-0.545
06/23/2017,-0.565,-0.513,-0.632,-0.052,-0.406,-0.546
06/30/2017,-0.569,-0.522,-0.631,-0.059,-0.408,-0.548
07/07/2017,-0.572,-0.535,-0.63,-0.065,-0.407,-0.549
07/14/2017,-0.575,-0.551,-0.63,-0.069,-0.404,-0.551
07/21/2017,-0.577,-0.564,-0.631,-0.072,-0.398,-0.553
07/28/2017,-0.577,-0.567,-0.63,-0.072,-0.391,-0.555
08/04/2017,-0.574,-0.557,-0.629,-0.069,-0.383,-0.556
08/11/2017,-0.568,-0.539,-0.627,-0.065,-0.376,-0.558
08/18/2017,-0.563,-0.517,-0.625,-0.061,-0.37,-0.56
08/25/2017,-0.559,-0.499,-0.623,-0.059,-0.367,-0.562
09/01/2017,-0.557,-0.488,-0.621,-0.058,-0.366,-0.563
09/08/2017,-0.556,-0.484,-0.619,-0.06,-0.37,-0.565
09/15/2017,-0.559,-0.488,-0.618,-0.064,-0.379,-0.566
09/22/2017,-0.563,-0.495,-0.618,-0.07,-0.391,-0.567
09/29/2017,-0.569,-0.504,-0.618,-0.078,-0.407,-0.568
10/06/2017,-0.576,-0.515,-0.619,-0.085,-0.426,-0.568
10/13/2017,-0.583,-0.527,-0.622,-0.093,-0.447,-0.569
10/20/2017,-0.59,-0.541,-0.626,-0.098,-0.468,-0.568
10/27/2017,-0.595,-0.554,-0.631,-0.101,-0.489,-0.567
11/03/2017,-0.599,-0.565,-0.636,-0.101,-0.509,-0.566
11/10/2017,-0.601,-0.573,-0.642,-0.099,-0.527,-0.564
11/17/2017,-0.603,-0.577,-0.647,-0.096,-0.542,-0.561
11/24/2017,-0.603,-0.577,-0.652,-0.093,-0.554,-0.558
12/01/2017,-0.604,-0.575,-0.657,-0.09,-0.562,-0.554
12/08/2017,-0.606,-0.574,-0.661,-0.088,-0.568,-0.549
12/15/2017,-0.608,-0.576,-0.665,-0.089,-0.57,-0.544
12/22/2017,-0.612,-0.582,-0.669,-0.091,-0.571,-0.538
12/29/2017,-0.616,-0.593,-0.671,-0.094,-0.571,-0.532
01/05/2018,-0.619,-0.603,-0.671,-0.099,-0.571,-0.526
01/12/2018,-0.619,-0.606,-0.667,-0.103,-0.574,-0.519
01/19/2018,-0.615,-0.6,-0.657,-0.105,-0.58,-0.511
01/26/2018,-0.606,-0.586,-0.643,-0.104,-0.59,-0.504
02/02/2018,-0.593,-0.566,-0.624,-0.1,-0.605,-0.497
02/09/2018,-0.575,-0.543,-0.603,-0.092,-0.625,-0.489
02/16/2018,-0.56,-0.526,-0.583,-0.081,-0.648,-0.481
02/23/2018,-0.545,-0.512,-0.565,-0.069,-0.673,-0.474
03/02/2018,-0.53,-0.499,-0.548,-0.057,-0.699,-0.466
03/09/2018,-0.517,-0.483,-0.534,-0.045,-0.723,-0.458
03/16/2018,-0.506,-0.466,-0.524,-0.036,-0.741,-0.451
03/23/2018,-0.499,-0.448,-0.518,-0.029,-0.753,-0.444
03/30/2018,-0.497,-0.438,-0.518,-0.026,-0.756,-0.437
04/06/2018,-0.501,-0.436,-0.524,-0.026,-0.749,-0.43
04/13/2018,-0.511,-0.447,-0.537,-0.03,-0.731,-0.424
04/20/2018,-0.525,-0.468,-0.553,-0.036,-0.701,-0.417
04/27/2018,-0.539,-0.488,-0.571,-0.042,-0.658,-0.412
05/04/2018,-0.551,-0.506,-0.588,-0.049,-0.604,-0.407
05/11/2018,-0.56,-0.518,-0.602,-0.054,-0.541,-0.402
05/18/2018,-0.565,-0.523,-0.612,-0.059,-0.471,-0.397
05/25/2018,-0.565,-0.522,-0.617,-0.062,-0.397,-0.394
06/01/2018,-0.56,-0.516,-0.617,-0.063,-0.322,-0.39
06/08/2018,-0.554,-0.509,-0.615,-0.064,-0.252,-0.387
06/15/2018,-0.547,-0.501,-0.611,-0.064,-0.187,-0.384
06/22/2018,-0.542,-0.494,-0.607,-0.063,-0.13,-0.382
06/29/2018,-0.538,-0.49,-0.606,-0.063,-0.082,-0.38
07/06/2018,-0.54,-0.493,-0.609,-0.063,-0.042,-0.378
07/13/2018,-0.545,-0.505,-0.615,-0.064,-0.01,-0.376
07/20/2018,-0.553,-0.523,-0.625,-0.067,0.016,-0.374
07/27/2018,-0.562,-0.543,-0.637,-0.07,0.038,-0.373
08/03/2018,-0.571,-0.561,-0.65,-0.073,0.059,-0.371
08/10/2018,-0.58,-0.574,-0.663,-0.076,0.08,-0.37
08/17/2018,-0.587,-0.58,-0.674,-0.079,0.102,-0.369
08/24/2018,-0.593,-0.584,-0.684,-0.082,0.125,-0.367
08/31/2018,-0.597,-0.588,-0.691,-0.085,0.15,-0.366
09/07/2018,-0.599,-0.594,-0.695,-0.088,0.176,-0.364
09/14/2018,-0.6,-0.603,-0.696,-0.09,0.202,-0.363
09/21/2018,-0.597,-0.608,-0.694,-0.091,0.227,-0.362
09/28/2018,-0.593,-0.606,-0.688,-0.091,0.25,-0.36
10/05/2018,-0.586,-0.597,-0.679,-0.089,0.27,-0.359
10/12/2018,-0.576,-0.581,-0.667,-0.085,0.287,-0.358
10/19/2018,-0.565,-0.566,-0.653,-0.079,0.301,-0.357
10/26/2018,-0.552,-0.553,-0.637,-0.07,0.313,-0.356
11/02/2018,-0.537,-0.545,-0.62,-0.057,0.322,-0.356
11/09/2018,-0.521,-0.539,-0.604,-0.042,0.328,-0.356
11/16/2018,-0.502,-0.525,-0.587,-0.024,0.332,-0.356
11/23/2018,-0.481,-0.5,-0.57,-0.005,0.332,-0.357
11/30/2018,-0.461,-0.467,-0.556,0.014,0.328,-0.358
12/07/2018,-0.442,-0.433,-0.543,0.031,0.319,-0.36
12/14/2018,-0.429,-0.408,-0.536,0.044,0.303,-0.363
12/21/2018,-0.423,-0.4,-0.533,0.051,0.28,-0.366
12/28/2018,-0.426,-0.409,-0.537,0.052,0.249,-0.369
01/04/2019,-0.439,-0.432,-0.548,0.046,0.212,-0.374
01/11/2019,-0.459,-0.457,-0.564,0.035,0.171,-0.379
01/18/2019,-0.482,-0.481,-0.584,0.021,0.127,-0.384
01/25/2019,-0.506,-0.502,-0.605,0.005,0.083,-0.391
02/01/2019,-0.53,-0.524,-0.627,-0.01,0.042,-0.398
02/08/2019,-0.55,-0.547,-0.648,-0.023,0.003,-0.406
02/15/2019,-0.568,-0.572,-0.667,-0.034,-0.031,-0.414
02/22/2019,-0.581,-0.595,-0.683,-0.042,-0.061,-0.423
03/01/2019,-0.59,-0.611,-0.695,-0.047,-0.086,-0.433
03/08/2019,-0.595,-0.617,-0.705,-0.05,-0.107,-0.443
03/15/2019,-0.599,-0.616,-0.711,-0.052,-0.124,-0.453
03/22/2019,-0.603,-0.614,-0.717,-0.053,-0.137,-0.464
03/29/2019,-0.606,-0.615,-0.72,-0.054,-0.147,-0.475
04/05/2019,-0.61,-0.623,-0.723,-0.055,-0.154,-0.485
04/12/2019,-0.613,-0.634,-0.725,-0.056,-0.157,-0.496
04/19/2019,-0.615,-0.645,-0.726,-0.056,-0.157,-0.506
04/26/2019,-0.614,-0.649,-0.725,-0.055,-0.154,-0.516
05/03/2019,-0.611,-0.646,-0.722,-0.053,-0.148,-0.526
05/10/2019,-0.604,-0.636,-0.716,-0.05,-0.139,-0.534
05/17/2019,-0.596,-0.625,-0.71,-0.045,-0.128,-0.543
05/24/2019,-0.588,-0.617,-0.703,-0.041,-0.116,-0.55
05/31/2019,-0.581,-0.611,-0.696,-0.037,-0.104,-0.557
06/07/2019,-0.575,-0.608,-0.691,-0.034,-0.091,-0.564
06/14/2019,-0.573,-0.604,-0.688,-0.033,-0.078,-0.569
06/21/2019,-0.573,-0.601,-0.688,-0.032,-0.065,-0.575
06/28/2019,-0.575,-0.598,-0.691,-0.031,-0.052,-0.58
07/05/2019,-0.579,-0.599,-0.696,-0.029,-0.039,-0.585
07/12/2019,-0.581,-0.601,-0.701,-0.025,-0.026,-0.59
07/19/2019,-0.58,-0.602,-0.703,-0.021,-0.013,-0.595
07/26/2019,-0.577,-0.598,-0.703,-0.014,0.001,-0.6
08/02/2019,-0.569,-0.585,-0.698,-0.006,0.016,-0.604
08/09/2019,-0.559,-0.564,-0.691,0.003,0.03,-0.609
08/16/2019,-0.547,-0.542,-0.682,0.013,0.043,-0.614
08/23/2019,-0.537,-0.527,-0.672,0.021,0.054,-0.619
08/30/2019,-0.527,-0.521,-0.661,0.027,0.064,-0.624
09/06/2019,-0.52,-0.526,-0.652,0.029,0.071,-0.63
09/13/2019,-0.515,-0.534,-0.643,0.029,0.074,-0.635
09/20/2019,-0.511,-0.538,-0.636,0.025,0.075,-0.64
09/27/2019,-0.511,-0.535,-0.634,0.019,0.073,-0.645
10/04/2019,-0.515,-0.525,-0.636,0.011,0.069,-0.65
10/11/2019,-0.524,-0.518,-0.643,0.003,0.062,-0.654
10/18/2019,-0.536,-0.521,-0.655,-0.006,0.056,-0.658
10/25/2019,-0.55,-0.538,-0.668,-0.014,0.05,-0.662
11/01/2019,-0.562,-0.562,-0.679,-0.019,0.047,-0.664
11/08/2019,-0.571,-0.584,-0.687,-0.023,0.047,-0.666
11/15/2019,-0.576,-0.592,-0.691,-0.025,0.053,-0.666
11/22/2019,-0.575,-0.583,-0.69,-0.025,0.062,-0.665
11/29/2019,-0.57,-0.559,-0.684,-0.025,0.077,-0.663
12/06/2019,-0.561,-0.534,-0.675,-0.026,0.096,-0.659
12/13/2019,-0.553,-0.521,-0.668,-0.031,0.119,-0.654
12/20/2019,-0.549,-0.524,-0.665,-0.039,0.147,-0.648
12/27/2019,-0.554,-0.539,-0.67,-0.052,0.178,-0.641
01/03/2020,-0.567,-0.556,-0.684,-0.067,0.212,-0.633
01/10/2020,-0.587,-0.567,-0.703,-0.084,0.251,-0.624
01/17/2020,-0.609,-0.577,-0.72,-0.096,0.295,-0.615
01/24/2020,-0.622,-0.591,-0.726,-0.101,0.345,-0.607
01/31/2020,-0.62,-0.615,-0.714,-0.092,0.402,-0.599
02/07/2020,-0.595,-0.643,-0.676,-0.065,0.465,-0.592
02/14/2020,-0.535,-0.644,-0.607,-0.016,0.535,-0.587
02/21/2020,-0.435,-0.58,-0.504,0.057,0.611,-0.583
02/28/2020,-0.297,-0.428,-0.372,0.151,0.687,-0.583
03/06/2020,-0.136,-0.206,-0.225,0.258,0.762,-0.585
03/13/2020,0.03,0.053,-0.081,0.37,0.83,-0.591
03/20/2020,0.174,0.286,0.04,0.474,0.887,-0.601
03/27/2020,0.266,0.427,0.114,0.554,0.928,-0.616
04/03/2020,0.304,0.465,0.135,0.608,0.952,-0.636
04/10/2020,0.29,0.413,0.108,0.632,0.959,-0.662
04/17/2020,0.235,0.309,0.042,0.627,0.948,-0.694
04/24/2020,0.157,0.198,-0.049,0.6,0.921,-0.733
05/01/2020,0.06,0.091,-0.156,0.553,0.878,-0.779
05/08/2020,-0.039,-0.011,-0.26,0.494,0.822,-0.832
05/15/2020,-0.128,-0.11,-0.351,0.429,0.755,-0.892
05/22/2020,-0.207,-0.217,-0.423,0.362,0.681,-0.959
05/29/2020,-0.27,-0.323,-0.475,0.3,0.603,-1.032
06/05/2020,-0.316,-0.408,-0.507,0.246,0.526,-1.11
06/12/2020,-0.346,-0.455,-0.524,0.203,0.455,-1.191
06/19/2020,-0.368,-0.47,-0.534,0.168,0.392,-1.276
06/26/2020,-0.386,-0.467,-0.543,0.142,0.341,-1.362
07/03/2020,-0.403,-0.465,-0.553,0.121,0.303,-1.448
07/10/2020,-0.422,-0.479,-0.564,0.102,0.279,-1.531
07/17/2020,-0.44,-0.504,-0.578,0.084,0.269,-1.61
07/24/2020,-0.459,-0.534,-0.593,0.066,0.272,-1.684
07/31/2020,-0.476,-0.552,-0.608,0.049,0.286,-1.751
08/07/2020,-0.49,-0.553,-0.618,0.032,0.308,-1.811
08/14/2020,-0.5,-0.551,-0.626,0.017,0.336,-1.862
08/21/2020,-0.506,-0.558,-0.629,0.005,0.368,-1.905
08/28/2020,-0.508,-0.58,-0.628,-0.003,0.402,-1.939
09/04/2020,-0.506,-0.619,-0.624,-0.008,0.436,-1.964
09/11/2020,-0.502,-0.653,-0.619,-0.01,0.468,-1.981
09/18/2020,-0.498,-0.671,-0.614,-0.01,0.498,-1.99
09/25/2020,-0.493,-0.66,-0.609,-0.009,0.523,-1.992
10/02/2020,-0.49,-0.627,-0.605,-0.009,0.543,-1.988
10/09/2020,-0.49,-0.582,-0.604,-0.011,0.555,-1.979
10/16/2020,-0.493,-0.546,-0.605,-0.015,0.558,-1.966
10/23/2020,-0.499,-0.526,-0.609,-0.021,0.552,-1.95
10/30/2020,-0.507,-0.523,-0.616,-0.029,0.537,-1.933
11/06/2020,-0.521,-0.531,-0.627,-0.038,0.513,-1.914
11/13/2020,-0.537,-0.541,-0.641,-0.047,0.481,-1.896
11/20/2020,-0.553,-0.546,-0.655,-0.056,0.443,-1.878
11/27/2020,-0.568,-0.546,-0.669,-0.065,0.401,-1.861
12/04/2020,-0.58,-0.546,-0.68,-0.073,0.357,-1.845
12/11/2020,-0.591,-0.549,-0.69,-0.079,0.311,-1.832
12/18/2020,-0.598,-0.555,-0.696,-0.086,0.265,-1.82
12/25/2020,-0.604,-0.56,-0.7,-0.092,0.218,-1.81
01/01/2021,-0.609,-0.564,-0.702,-0.098,0.17,-1.801
01/08/2021,-0.614,-0.564,-0.702,-0.105,0.119,-1.794
01/15/2021,-0.617,-0.565,-0.699,-0.111,0.063,-1.788
01/22/2021,-0.619,-0.569,-0.696,-0.117,0.001,-1.784
01/29/2021,-0.619,-0.579,-0.69,-0.122,-0.066,-1.779
02/05/2021,-0.621,-0.598,-0.684,-0.126,-0.141,-1.776
02/12/2021,-0.623,-0.615,-0.678,-0.13,-0.219,-1.772
02/19/2021,-0.625,-0.628,-0.671,-0.134,-0.3,-1.767
02/26/2021,-0.627,-0.632,-0.665,-0.137,-0.378,-1.763
03/05/2021,-0.632,-0.63,-0.662,-0.141,-0.451,-1.757
03/12/2021,-0.637,-0.626,-0.661,-0.146,-0.514,-1.75
03/19/2021,-0.642,-0.624,-0.662,-0.152,-0.566,-1.741
03/26/2021,-0.649,-0.627,-0.666,-0.159,-0.604,-1.731
04/02/2021,-0.656,-0.634,-0.672,-0.166,-0.629,-1.719
04/09/2021,-0.664,-0.641,-0.679,-0.173,-0.643,-1.706
04/16/2021,-0.671,-0.643,-0.687,-0.179,-0.646,-1.691
04/23/2021,-0.677,-0.64,-0.694,-0.184,-0.643,-1.675
04/30/2021,-0.682,-0.635,-0.701,-0.188,-0.634,-1.657
05/07/2021,-0.687,-0.632,-0.708,-0.189,-0.62,-1.638
05/14/2021,-0.689,-0.632,-0.714,-0.188,-0.603,-1.618
05/21/2021,-0.691,-0.64,-0.721,-0.185,-0.581,-1.597
05/28/2021,-0.693,-0.652,-0.727,-0.182,-0.556,-1.575
06/04/2021,-0.694,-0.663,-0.733,-0.177,-0.525,-1.552
06/11/2021,-0.694,-0.671,-0.736,-0.173,-0.488,-1.529
06/18/2021,-0.69,-0.673,-0.737,-0.17,-0.446,-1.506
06/25/2021,-0.686,-0.675,-0.737,-0.166,-0.401,-1.483
07/02/2021,-0.681,-0.676,-0.735,-0.162,-0.352,-1.46
07/09/2021,-0.674,-0.678,-0.732,-0.158,-0.304,-1.438
07/16/2021,-0.667,-0.68,-0.729,-0.154,-0.258,-1.417
07/23/2021,-0.661,-0.678,-0.726,-0.149,-0.218,-1.397
07/30/2021,-0.656,-0.673,-0.723,-0.145,-0.186,-1.379
08/06/2021,-0.651,-0.666,-0.721,-0.141,-0.164,-1.362
08/13/2021,-0.648,-0.662,-0.72,-0.138,-0.154,-1.347
08/20/2021,-0.646,-0.665,-0.72,-0.137,-0.155,-1.333
08/27/2021,-0.647,-0.676,-0.72,-0.136,-0.168,-1.321
09/03/2021,-0.648,-0.691,-0.72,-0.137,-0.191,-1.311
09/10/2021,-0.65,-0.704,-0.719,-0.138,-0.224,-1.302
09/17/2021,-0.652,-0.71,-0.718,-0.14,-0.262,-1.294
09/24/2021,-0.654,-0.706,-0.713,-0.141,-0.303,-1.288
10/01/2021,-0.654,-0.694,-0.707,-0.141,-0.344,-1.282
10/08/2021,-0.652,-0.68,-0.698,-0.14,-0.38,-1.276
10/15/2021,-0.647,-0.667,-0.684,-0.139,-0.408,-1.271
10/22/2021,-0.637,-0.656,-0.667,-0.136,-0.427,-1.265
10/29/2021,-0.622,-0.642,-0.646,-0.131,-0.436,-1.259
11/05/2021,-0.605,-0.618,-0.624,-0.126,-0.434,-1.252
11/12/2021,-0.585,-0.585,-0.601,-0.121,-0.425,-1.244
11/19/2021,-0.567,-0.548,-0.581,-0.115,-0.41,-1.236
11/26/2021,-0.552,-0.514,-0.565,-0.11,-0.393,-1.226
12/03/2021,-0.541,-0.493,-0.556,-0.105,-0.376,-1.214
12/10/2021,-0.538,-0.493,-0.556,-0.103,-0.363,-1.202
12/17/2021,-0.541,-0.506,-0.561,-0.1,-0.355,-1.188
12/24/2021,-0.548,-0.525,-0.571,-0.098,-0.355,-1.174
12/31/2021,-0.556,-0.54,-0.582,-0.096,-0.362,-1.158
01/07/2022,-0.562,-0.546,-0.59,-0.091,-0.378,-1.142
01/14/2022,-0.562,-0.543,-0.593,-0.084,-0.4,-1.125
01/21/2022,-0.556,-0.536,-0.587,-0.074,-0.427,-1.107
01/28/2022,-0.542,-0.527,-0.572,-0.061,-0.459,-1.09
02/04/2022,-0.523,-0.515,-0.551,-0.046,-0.492,-1.072
02/11/2022,-0.498,-0.488,-0.523,-0.029,-0.525,-1.054
02/18/2022,-0.468,-0.442,-0.49,-0.011,-0.554,-1.036
02/25/2022,-0.439,-0.382,-0.457,0.006,-0.578,-1.018
03/04/2022,-0.412,-0.319,-0.426,0.022,-0.596,-1.001
03/11/2022,-0.391,-0.273,-0.402,0.036,-0.604,-0.984
03/18/2022,-0.38,-0.257,-0.388,0.046,-0.603,-0.967
03/25/2022,-0.374,-0.269,-0.38,0.054,-0.59,-0.951
04/01/2022,-0.371,-0.293,-0.378,0.06,-0.565,-0.935
04/08/2022,-0.369,-0.308,-0.376,0.065,-0.528,-0.92
04/15/2022,-0.362,-0.295,-0.373,0.07,-0.48,-0.906
04/22/2022,-0.352,-0.257,-0.366,0.077,-0.423,-0.892
04/29/2022,-0.337,-0.206,-0.355,0.085,-0.357,-0.878
05/06/2022,-0.319,-0.16,-0.341,0.096,-0.287,-0.865
05/13/2022,-0.3,-0.133,-0.325,0.109,-0.215,-0.853
05/20/2022,-0.281,-0.123,-0.308,0.123,-0.144,-0.841
05/27/2022,-0.259,-0.115,-0.288,0.139,-0.077,-0.829
06/03/2022,-0.236,-0.094,-0.268,0.156,-0.015,-0.818
06/10/2022,-0.212,-0.056,-0.248,0.173,0.04,-0.808
06/17/2022,-0.188,-0.012,-0.231,0.188,0.085,-0.797
06/24/2022,-0.173,0.018,-0.221,0.199,0.119,-0.787
07/01/2022,-0.166,0.017,-0.219,0.204,0.141,-0.778
07/08/2022,-0.17,-0.019,-0.225,0.204,0.152,-0.768
07/15/2022,-0.183,-0.076,-0.238,0.198,0.152,-0.759
07/22/2022,-0.202,-0.136,-0.253,0.188,0.143,-0.751
07/29/2022,-0.22,-0.177,-0.265,0.177,0.127,-0.742
08/05/2022,-0.233,-0.195,-0.272,0.168,0.108,-0.735
08/12/2022,-0.24,-0.197,-0.272,0.162,0.086,-0.727
08/19/2022,-0.238,-0.192,-0.264,0.161,0.066,-0.72
08/26/2022,-0.226,-0.185,-0.248,0.166,0.047,-0.714
09/02/2022,-0.205,-0.176,-0.225,0.177,0.031,-0.709
09/09/2022,-0.179,-0.161,-0.199,0.191,0.018,-0.704
09/16/2022,-0.152,-0.129,-0.172,0.207,0.006,-0.699
09/23/2022,-0.127,-0.086,-0.149,0.223,-0.004,-0.696
09/30/2022,-0.108,-0.043,-0.133,0.236,-0.013,-0.693
10/07/2022,-0.1,-0.014,-0.126,0.244,-0.024,-0.691
10/14/2022,-0.102,-0.011,-0.128,0.247,-0.037,-0.69
10/21/2022,-0.112,-0.034,-0.136,0.244,-0.051,-0.69
10/28/2022,-0.127,-0.071,-0.147,0.236,-0.069,-0.69
11/04/2022,-0.144,-0.112,-0.16,0.226,-0.088,-0.692
11/11/2022,-0.161,-0.142,-0.173,0.215,-0.11,-0.695
11/18/2022,-0.174,-0.156,-0.184,0.205,-0.133,-0.698
11/25/2022,-0.182,-0.157,-0.193,0.197,-0.16,-0.703
12/02/2022,-0.187,-0.154,-0.201,0.192,-0.188,-0.708
12/09/2022,-0.19,-0.157,-0.211,0.19,-0.22,-0.714
12/16/2022,-0.197,-0.17,-0.224,0.187,-0.254,-0.72
12/23/2022,-0.207,-0.189,-0.241,0.185,-0.291,-0.727
12/30/2022,-0.224,-0.214,-0.263,0.18,-0.33,-0.735
01/06/2023,-0.247,-0.239,-0.288,0.173,-0.366,-0.742
01/13/2023,-0.271,-0.261,-0.313,0.164,-0.397,-0.75
01/20/2023,-0.292,-0.279,-0.332,0.155,-0.421,-0.757
01/27/2023,-0.308,-0.298,-0.346,0.147,-0.435,-0.764
02/03/2023,-0.315,-0.311,-0.349,0.142,-0.436,-0.77
02/10/2023,-0.311,-0.315,-0.34,0.141,-0.421,-0.776
02/17/2023,-0.297,-0.301,-0.322,0.145,-0.391,-0.782
02/24/2023,-0.272,-0.265,-0.294,0.153,-0.343,-0.787
03/03/2023,-0.241,-0.213,-0.264,0.165,-0.279,-0.791
03/10/2023,-0.208,-0.156,-0.234,0.179,-0.198,-0.795
03/17/2023,-0.177,-0.108,-0.209,0.194,-0.104,-0.799
03/24/2023,-0.158,-0.09,-0.196,0.206,0.001,-0.802
03/31/2023,-0.154,-0.105,-0.197,0.213,0.116,-0.804
04/07/2023,-0.157,-0.139,-0.207,0.217,0.238,-0.807
04/14/2023,-0.168,-0.182,-0.226,0.217,0.365,-0.809
04/21/2023,-0.182,-0.218,-0.25,0.214,0.495,-0.812
04/28/2023,-0.193,-0.239,-0.272,0.208,0.625,-0.814
05/05/2023,-0.201,-0.249,-0.293,0.202,0.75,-0.817
05/12/2023,-0.208,-0.252,-0.309,0.194,0.865,-0.82
05/19/2023,-0.212,-0.254,-0.32,0.186,0.965,-0.823
05/26/2023,-0.215,-0.256,-0.326,0.178,1.046,-0.827
06/02/2023,-0.216,-0.258,-0.329,0.171,1.104,-0.83
06/09/2023,-0.217,-0.253,-0.329,0.164,1.136,-0.834
06/16/2023,-0.219,-0.246,-0.329,0.159,1.14,-0.839
06/23/2023,-0.223,-0.242,-0.331,0.155,1.116,-0.843
06/30/2023,-0.23,-0.242,-0.334,0.151,1.064,-0.848
07/07/2023,-0.238,-0.25,-0.34,0.147,0.988,-0.852
07/14/2023,-0.251,-0.266,-0.35,0.143,0.892,-0.856
07/21/2023,-0.266,-0.283,-0.361,0.14,0.781,-0.86
07/28/2023,-0.282,-0.296,-0.374,0.136,0.662,-0.864
08/04/2023,-0.299,-0.303,-0.388,0.132,0.541,-0.867
08/11/2023,-0.315,-0.303,-0.401,0.129,0.427,-0.869
08/18/2023,-0.327,-0.299,-0.412,0.126,0.325,-0.871
08/25/2023,-0.336,-0.294,-0.419,0.125,0.238,-0.872
09/01/2023,-0.341,-0.291,-0.422,0.124,0.17,-0.873
09/08/2023,-0.341,-0.287,-0.42,0.124,0.12,-0.873
09/15/2023,-0.336,-0.283,-0.413,0.125,0.087,-0.872
09/22/2023,-0.327,-0.275,-0.402,0.127,0.07,-0.871
09/29/2023,-0.315,-0.262,-0.388,0.129,0.064,-0.869
10/06/2023,-0.304,-0.251,-0.374,0.13,0.066,-0.867
10/13/2023,-0.294,-0.243,-0.361,0.131,0.074,-0.864
10/20/2023,-0.289,-0.243,-0.352,0.13,0.083,-0.861
10/27/2023,-0.288,-0.253,-0.348,0.126,0.092,-0.858
11/03/2023,-0.292,-0.273,-0.349,0.121,0.098,-0.855
11/10/2023,-0.301,-0.295,-0.355,0.114,0.101,-0.852
11/17/2023,-0.311,-0.316,-0.363,0.106,0.1,-0.849
11/24/2023,-0.322,-0.332,-0.373,0.097,0.095,-0.846
12/01/2023,-0.333,-0.343,-0.383,0.088,0.086,-0.844
12/08/2023,-0.342,-0.35,-0.39,0.08,0.073,-0.841
12/15/2023,-0.351,-0.358,-0.398,0.072,0.056,-0.839
12/22/2023,-0.36,-0.368,-0.404,0.064,0.036,-0.836
12/29/2023,-0.368,-0.381,-0.409,0.056,0.015,-0.834
01/05/2024,-0.376,-0.396,-0.415,0.049,-0.006,-0.833
01/12/2024,-0.384,-0.408,-0.421,0.041,-0.026,-0.831
01/19/2024,-0.391,-0.416,-0.426,0.035,-0.045,-0.83
01/26/2024,-0.398,-0.42,-0.432,0.028,-0.06,-0.829
02/02/2024,-0.404,-0.424,-0.439,0.023,-0.074,-0.829
02/09/2024,-0.411,-0.428,-0.446,0.017,-0.085,-0.828
02/16/2024,-0.419,-0.436,-0.455,0.012,-0.096,-0.828
02/23/2024,-0.427,-0.447,-0.464,0.008,-0.105,-0.828
03/01/2024,-0.434,-0.462,-0.47,0.004,-0.114,-0.828
03/08/2024,-0.437,-0.475,-0.473,0.001,-0.124,-0.828
03/15/2024,-0.439,-0.485,-0.473,-0.001,-0.135,-0.829
03/22/2024,-0.437,-0.488,-0.469,-0.003,-0.147,-0.829
03/29/2024,-0.432,-0.484,-0.461,-0.003,-0.161,-0.829
04/05/2024,-0.427,-0.475,-0.451,-0.004,-0.175,-0.829
04/12/2024,-0.421,-0.465,-0.44,-0.005,-0.188,-0.829
04/19/2024,-0.416,-0.456,-0.429,-0.006,-0.199,-0.829
04/26/2024,-0.413,-0.455,-0.42,-0.008,-0.207,-0.829
05/03/2024,-0.413,-0.458,-0.414,-0.011,-0.21,-0.829
05/10/2024,-0.414,-0.463,-0.41,-0.014,-0.207,-0.829
05/17/2024,-0.414,-0.465,-0.407,-0.016,-0.198,-0.828
05/24/2024,-0.413,-0.46,-0.404,-0.017,-0.183,-0.828
05/31/2024,-0.41,-0.448,-0.401,-0.017,-0.163,-0.828
06/07/2024,-0.404,-0.43,-0.397,-0.016,-0.14,-0.828
06/14/2024,-0.397,-0.413,-0.391,-0.014,-0.117,-0.827
06/21/2024,-0.389,-0.401,-0.385,-0.011,-0.097,-0.827
06/28/2024,-0.382,-0.392,-0.378,-0.008,-0.083,-0.828
07/05/2024,-0.377,-0.388,-0.371,-0.005,-0.076,-0.828
07/12/2024,-0.371,-0.383,-0.364,-0.002,-0.077,-0.829
07/19/2024,-0.366,-0.376,-0.357,0,-0.087,-0.83
07/26/2024,-0.363,-0.369,-0.352,0.003,-0.104,-0.831
08/02/2024,-0.361,-0.367,-0.35,0.004,-0.128,-0.832
08/09/2024,-0.362,-0.37,-0.351,0.004,-0.157,-0.834
08/16/2024,-0.371,-0.385,-0.359,0.002,-0.19,-0.837
08/23/2024,-0.381,-0.405,-0.368,-0.001,-0.224,-0.839
08/30/2024,-0.393,-0.426,-0.379,-0.006,-0.257,-0.841
09/06/2024,-0.404,-0.447,-0.39,-0.012,-0.287,-0.844
09/13/2024,-0.414,-0.463,-0.398,-0.018,-0.312,-0.846
09/20/2024,-0.422,-0.475,-0.404,-0.026,-0.331,-0.849
09/27/2024,-0.429,-0.484,-0.408,-0.034,-0.343,-0.85
10/04/2024,-0.433,-0.493,-0.41,-0.042,-0.347,-0.852
10/11/2024,-0.436,-0.501,-0.411,-0.05,-0.344,-0.852
10/18/2024,-0.441,-0.51,-0.414,-0.057,-0.333,-0.852
10/25/2024,-0.446,-0.518,-0.419,-0.064,-0.317,-0.85
11/01/2024,-0.452,-0.528,-0.426,-0.07,-0.297,-0.848
11/08/2024,-0.459,-0.537,-0.436,-0.075,-0.275,-0.844
11/15/2024,-0.467,-0.545,-0.447,-0.078,-0.254,-0.839
11/22/2024,-0.472,-0.547,-0.456,-0.079,-0.237,-0.832
11/29/2024,-0.475,-0.544,-0.465,-0.079,-0.226,-0.825
12/06/2024,-0.477,-0.538,-0.472,-0.078,-0.223,-0.816
12/13/2024,-0.479,-0.529,-0.479,-0.075,-0.229,-0.806
12/20/2024,-0.48,-0.523,-0.484,-0.073,-0.244,-0.796
12/27/2024,-0.484,-0.523,-0.49,-0.071,-0.268,-0.784
01/03/2025,-0.489,-0.526,-0.496,-0.07,-0.298,-0.773
01/10/2025,-0.495,-0.532,-0.502,-0.07,-0.332,-0.761
01/17/2025,-0.5,-0.535,-0.505,-0.07,-0.367,-0.749
01/24/2025,-0.505,-0.533,-0.509,-0.069,-0.401,-0.738
01/31/2025,-0.508,-0.524,-0.51,-0.067,-0.43,-0.727
02/07/2025,-0.507,-0.507,-0.508,-0.064,-0.453,-0.716
02/14/2025,-0.503,-0.488,-0.504,-0.058,-0.469,-0.706
02/21/2025,-0.494,-0.471,-0.495,-0.049,-0.477,-0.697
02/28/2025,-0.48,-0.458,-0.483,-0.039,-0.478,-0.689
03/07/2025,-0.464,-0.449,-0.468,-0.027,-0.473,-0.682
03/14/2025,-0.445,-0.441,-0.451,-0.014,-0.463,-0.675
03/21/2025,-0.427,-0.432,-0.434,-0.003,-0.452,-0.669
03/28/2025,-0.411,-0.418,-0.417,0.007,-0.44,-0.664
04/04/2025,-0.396,-0.403,-0.403,0.014,-0.429,-0.659
04/11/2025,-0.385,-0.391,-0.392,0.017,-0.421,-0.655
04/18/2025,-0.385,-0.392,-0.392,0.017,-0.419,-0.652
04/25/2025,-0.392,-0.404,-0.397,0.013,-0.422,-0.648
05/02/2025,-0.405,-0.426,-0.409,0.007,-0.43,-0.645
05/09/2025,-0.423,-0.452,-0.425,-0.002,-0.442,-0.642
05/16/2025,-0.44,-0.474,-0.442,-0.011,-0.458,-0.638
05/23/2025,-0.455,-0.487,-0.457,-0.02,-0.476,-0.635
05/30/2025,-0.467,-0.493,-0.471,-0.027,-0.495,-0.632
06/06/2025,-0.476,-0.495,-0.484,-0.032,-0.513,-0.628
06/13/2025,-0.484,-0.499,-0.494,-0.036,-0.529,-0.624
06/20/2025,-0.49,-0.505,-0.503,-0.039,-0.543,-0.62
06/27/2025,-0.497,-0.515,-0.512,-0.042,-0.553,-0.616
07/04/2025,-0.503,-0.527,-0.52,-0.045,-0.558,-0.611
07/11/2025,-0.51,-0.535,-0.528,-0.047,-0.559,-0.606
07/18/2025,-0.515,-0.54,-0.535,-0.049,-0.553,-0.601
07/25/2025,-0.519,-0.544,-0.542,-0.051,-0.543,-0.596
08/01/2025,-0.522,-0.547,-0.548,-0.052,-0.529,-0.59
08/08/2025,-0.523,-0.551,-0.552,-0.053,-0.512,-0.585
08/15/2025,-0.526,-0.556,-0.557,-0.053,-0.492,-0.579
08/22/2025,-0.527,-0.557,-0.561,-0.053,-0.471,-0.573
08/29/2025,-0.528,-0.557,-0.565,-0.051,-0.448,-0.567
09/05/2025,-0.528,-0.555,-0.568,-0.049,-0.424,-0.561
09/12/2025,-0.528,-0.555,-0.57,-0.047,-0.397,-0.554
09/19/2025,-0.527,-0.557,-0.572,-0.046,-0.368,-0.548
09/26/2025,-0.526,-0.562,-0.574,-0.044,-0.337,-0.542
10/03/2025,-0.525,-0.567,-0.575,-0.042,-0.305,-0.536
10/10/2025,-0.523,-0.568,-0.576,-0.04,-0.271,-0.53
10/17/2025,-0.519,-0.565,-0.576,-0.037,-0.239,-0.524
10/24/2025,-0.517,-0.56,-0.576,-0.034,-0.208,-0.519
10/31/2025,-0.513,-0.554,-0.577,-0.03,-0.181,-0.513
11/07/2025,-0.51,-0.549,-0.578,-0.025,-0.158,-0.508
11/14/2025,-0.508,-0.545,-0.58,-0.02,-0.14,-0.503
11/21/2025,-0.507,-0.54,-0.584,-0.016,-0.127,-0.498
11/28/2025,-0.509,-0.535,-0.591,-0.013,-0.12,-0.493
12/05/2025,-0.511,-0.528,-0.598,-0.011,-0.117,-0.489
12/12/2025,-0.516,-0.523,-0.607,-0.011,-0.116,-0.484
12/19/2025,-0.525,-0.523,-0.617,-0.014,-0.118,-0.48
12/26/2025,-0.536,-0.53,-0.63,-0.02,-0.119,-0.476
01/02/2026,-0.547,-0.538,-0.641,-0.027,-0.12,-0.472
01/09/2026,-0.558,-0.547,-0.65,-0.034,-0.12,-0.468
01/16/2026,-0.565,-0.551,-0.655,-0.04,-0.117,-0.464
01/23/2026,-0.567,-0.55,-0.654,-0.044,-0.113,-0.46
01/30/2026,-0.563,-0.542,-0.648,-0.044,-0.108,-0.457
02/06/2026,-0.555,-0.53,-0.638,-0.041,-0.1,-0.453
02/13/2026,-0.542,-0.514,-0.622,-0.035,-0.09,-0.449
02/20/2026,-0.525,-0.494,-0.603,-0.027,-0.078,-0.446
02/27/2026,-0.507,-0.471,-0.582,-0.018,-0.063,-0.442
03/06/2026,-0.487,-0.445,-0.56,-0.009,-0.043,-0.438
03/13/2026,-0.47,-0.421,-0.541,-0.002,-0.02,-0.435
03/20/2026,-0.46,-0.406,-0.529,0.002,0.008,-0.431
03/27/2026,-0.455,-0.401,-0.524,0.003,0.042,-0.427
04/03/2026,-0.459,-0.409,-0.528,0.001,0.081,-0.424
04/10/2026,-0.47,-0.427,-0.539,-0.004,0.124,-0.42
04/17/2026,-0.483,-0.447,-0.555,-0.011,0.17,-0.416
04/24/2026,-0.495,-0.463,-0.572,-0.018,0.217,-0.413
05/01/2026,-0.505,-0.471,-0.587,-0.024,0.262,-0.409
05/08/2026,-0.512,-0.473,-0.599,-0.029,0.303,-0.406
05/15/2026,-0.513,-0.466,-0.607,-0.032,0.338,-0.402
05/22/2026,-0.51,-0.456,-0.609,-0.033,0.365,-0.398